id,student_id,section_id,school_year,term_id,numeric_grade_earned,alpha_grade_earned,is_final_grade,credits_attempted,credits_earned,grad_credit_type
m1048,st100,sec88,2021,term1,77,C,No,5,5,
m1049,st101,sec1,2021,term1,102,A,No,5,5,
m1050,st101,sec2,2021,term1,56,F,No,5,0,
m1051,st101,sec3,2021,term1,59,F,No,5,0,
m1052,st101,sec4,2021,term1,92,A,No,5,5,
m1053,st101,sec5,2021,term1,47,F,No,5,0,
m1054,st101,sec6,2021,term1,47,F,No,5,0,
m1055,st101,sec10,2021,term2,86,B,No,5,5,
m1056,st101,sec11,2021,term2,59,F,No,5,0,
m1057,st101,sec12,2021,term2,51,F,No,5,0,
m1058,st101,sec13,2021,term2,80,B,No,5,5,
m1059,st101,sec14,2021,term2,56,F,No,5,0,
m1060,st101,sec15,2021,term2,51,F,No,5,0,
m1061,st102,sec1,2021,term1,79,C,No,5,5,
m1062,st102,sec2,2021,term1,47,F,No,5,0,
m1063,st102,sec3,2021,term1,51,F,No,5,0,
m1064,st102,sec4,2021,term1,67,D,No,5,5,
m1065,st102,sec5,2021,term1,47,F,No,5,0,
m1066,st102,sec6,2021,term1,54,F,No,5,0,
m1067,st102,sec10,2021,term2,60,D,No,5,5,
m1068,st102,sec11,2021,term2,52,F,No,5,0,
m1069,st102,sec12,2021,term2,58,F,No,5,0,
m1070,st102,sec13,2021,term2,95,A,No,5,5,
m1071,st102,sec14,2021,term2,51,F,No,5,0,
m1072,st102,sec15,2021,term2,47,F,No,5,0,
m1073,st103,sec1,2021,term1,98,A,No,5,5,
m1074,st103,sec2,2021,term1,47,F,No,5,0,
m1075,st103,sec3,2021,term1,55,F,No,5,0,
m1076,st103,sec4,2021,term1,55,F,No,5,0,
m1077,st103,sec5,2021,term1,50,F,No,5,0,
m1078,st103,sec6,2021,term1,47,F,No,5,0,
m1079,st103,sec10,2021,term2,92,A,No,5,5,
m1080,st103,sec11,2021,term2,51,F,No,5,0,
m1081,st103,sec12,2021,term2,51,F,No,5,0,
m1082,st103,sec13,2021,term2,104,A,No,5,5,
m1083,st103,sec14,2021,term2,47,F,No,5,0,
m1084,st103,sec15,2021,term2,47,F,No,5,0,
m1085,st104,sec1,2021,term1,104,A,No,5,5,
m1086,st104,sec2,2021,term1,51,F,No,5,0,
m1087,st104,sec3,2021,term1,47,F,No,5,0,
m1088,st104,sec4,2021,term1,93,A,No,5,5,
m1089,st104,sec5,2021,term1,47,F,No,5,0,
m1090,st104,sec6,2021,term1,47,F,No,5,0,
m1091,st104,sec10,2021,term2,70,C,No,5,5,
m1092,st104,sec11,2021,term2,57,F,No,5,0,
m1093,st104,sec12,2021,term2,51,F,No,5,0,
m1094,st104,sec13,2021,term2,65,D,No,5,5,
m1095,st104,sec14,2021,term2,51,F,No,5,0,
m1096,st104,sec15,2021,term2,51,F,No,5,0,
m1097,st105,sec1,2021,term1,99,A,No,5,5,
m1098,st105,sec2,2021,term1,59,F,No,5,0,
m1099,st105,sec3,2021,term1,47,F,No,5,0,
m1100,st105,sec4,2021,term1,57,F,No,5,0,
m1101,st105,sec5,2021,term1,51,F,No,5,0,
m1102,st105,sec6,2021,term1,51,F,No,5,0,
m1103,st105,sec10,2021,term2,63,D,No,5,5,
m1104,st105,sec11,2021,term2,47,F,No,5,0,
m1105,st105,sec12,2021,term2,47,F,No,5,0,
m1106,st105,sec13,2021,term2,108,A,No,5,5,
m1107,st105,sec14,2021,term2,47,F,No,5,0,
m1108,st105,sec15,2021,term2,47,F,No,5,0,
m1109,st106,sec1,2021,term1,81,B,No,5,5,
m1110,st106,sec2,2021,term1,47,F,No,5,0,
m1111,st106,sec3,2021,term1,47,F,No,5,0,
m1112,st106,sec4,2021,term1,72,C,No,5,5,
m1113,st106,sec5,2021,term1,47,F,No,5,0,
m1114,st106,sec6,2021,term1,59,F,No,5,0,
m1115,st106,sec10,2021,term2,91,A,No,5,5,
m1116,st106,sec11,2021,term2,51,F,No,5,0,
m1117,st106,sec12,2021,term2,42,F,No,5,0,
m1118,st106,sec13,2021,term2,97,A,No,5,5,
m1119,st106,sec14,2021,term2,47,F,No,5,0,
m1120,st106,sec15,2021,term2,47,F,No,5,0,
m1121,st107,sec1,2021,term1,80,B,No,5,5,
m1122,st107,sec2,2021,term1,47,F,No,5,0,
m1123,st107,sec3,2021,term1,47,F,No,5,0,
m1124,st107,sec4,2021,term1,62,D,No,5,5,
m1125,st107,sec5,2021,term1,47,F,No,5,0,
m1126,st107,sec6,2021,term1,52,F,No,5,0,
m1127,st107,sec10,2021,term2,69,D,No,5,5,
m1128,st107,sec11,2021,term2,52,F,No,5,0,
m1129,st107,sec12,2021,term2,52,F,No,5,0,
m1130,st107,sec13,2021,term2,106,A,No,5,5,
m1131,st107,sec14,2021,term2,52,F,No,5,0,
m1132,st107,sec15,2021,term2,52,F,No,5,0,
m1133,st108,sec1,2021,term1,57,F,No,5,0,
m1134,st108,sec2,2021,term1,52,F,No,5,0,
m1135,st108,sec3,2021,term1,52,F,No,5,0,
m1136,st108,sec4,2021,term1,110,A,No,5,5,
m1137,st108,sec5,2021,term1,52,F,No,5,0,
m1138,st108,sec6,2021,term1,52,F,No,5,0,
m1139,st108,sec10,2021,term2,70,C,No,5,5,
m1140,st108,sec11,2021,term2,52,F,No,5,0,
m1141,st108,sec12,2021,term2,59,F,No,5,0,
m1142,st108,sec13,2021,term2,57,F,No,5,0,
m1143,st108,sec14,2021,term2,52,F,No,5,0,
m1144,st108,sec15,2021,term2,42,F,No,5,0,
m1145,st109,sec1,2021,term1,95,A,No,5,5,
m1146,st109,sec2,2021,term1,42,F,No,5,0,
m1147,st109,sec3,2021,term1,52,F,No,5,0,
m1148,st109,sec4,2021,term1,73,C,No,5,5,
m1149,st109,sec5,2021,term1,42,F,No,5,0,
m1150,st109,sec6,2021,term1,47,F,No,5,0,
m1151,st109,sec10,2021,term2,60,D,No,5,5,
m1152,st109,sec11,2021,term2,52,F,No,5,0,
m1153,st109,sec12,2021,term2,59,F,No,5,0,
m1154,st109,sec13,2021,term2,56,F,No,5,0,
m1155,st109,sec14,2021,term2,52,F,No,5,0,
m1156,st109,sec15,2021,term2,42,F,No,5,0,
m1157,st110,sec1,2021,term1,83,B,No,5,5,
m1158,st110,sec2,2021,term1,52,F,No,5,0,
m1159,st110,sec3,2021,term1,52,F,No,5,0,
m1160,st110,sec4,2021,term1,79,C,No,5,5,
m1161,st110,sec5,2021,term1,52,F,No,5,0,
m1162,st110,sec6,2021,term1,52,F,No,5,0,
m1163,st110,sec10,2021,term2,108,A,No,5,5,
m1164,st110,sec11,2021,term2,52,F,No,5,0,
m1165,st110,sec12,2021,term2,42,F,No,5,0,
m1166,st110,sec13,2021,term2,107,A,No,5,5,
m1167,st110,sec14,2021,term2,52,F,No,5,0,
m1168,st110,sec15,2021,term2,42,F,No,5,0,
m1169,st111,sec1,2021,term1,94,A,No,5,5,
m1170,st111,sec2,2021,term1,42,F,No,5,0,
m1171,st111,sec3,2021,term1,42,F,No,5,0,
m1172,st111,sec4,2021,term1,80,B,No,5,5,
m1173,st111,sec5,2021,term1,52,F,No,5,0,
m1174,st111,sec6,2021,term1,42,F,No,5,0,
m1175,st111,sec10,2021,term2,102,A,No,5,5,
m1176,st111,sec11,2021,term2,42,F,No,5,0,
m1177,st111,sec12,2021,term2,42,F,No,5,0,
m1178,st111,sec13,2021,term2,60,D,No,5,5,
m1179,st111,sec14,2021,term2,50,F,No,5,0,
m1180,st111,sec15,2021,term2,52,F,No,5,0,
m1181,st112,sec1,2021,term1,103,A,No,5,5,
m1182,st112,sec2,2021,term1,42,F,No,5,0,
m1183,st112,sec3,2021,term1,42,F,No,5,0,
m1184,st112,sec4,2021,term1,58,F,No,5,0,
m1185,st112,sec5,2021,term1,50,F,No,5,0,
m1186,st112,sec6,2021,term1,42,F,No,5,0,
m1187,st112,sec10,2021,term2,99,A,No,5,5,
m1188,st112,sec11,2021,term2,42,F,No,5,0,
m1189,st112,sec12,2021,term2,50,F,No,5,0,
m1190,st112,sec13,2021,term2,105,A,No,5,5,
m1191,st112,sec14,2021,term2,52,F,No,5,0,
m1192,st112,sec15,2021,term2,52,F,No,5,0,
m1193,st113,sec1,2021,term1,62,D,No,5,5,
m1194,st113,sec2,2021,term1,52,F,No,5,0,
m1195,st113,sec3,2021,term1,50,F,No,5,0,
m1196,st113,sec4,2021,term1,107,A,No,5,5,
m1197,st113,sec5,2021,term1,42,F,No,5,0,
m1198,st113,sec6,2021,term1,50,F,No,5,0,
m1199,st113,sec10,2021,term2,93,A,No,5,5,
m1200,st113,sec11,2021,term2,52,F,No,5,0,
m1201,st113,sec12,2021,term2,52,F,No,5,0,
m1202,st113,sec13,2021,term2,62,D,No,5,5,
m1203,st113,sec14,2021,term2,42,F,No,5,0,
m1204,st113,sec15,2021,term2,52,F,No,5,0,
m1205,st114,sec1,2021,term1,66,D,No,5,5,
m1206,st114,sec2,2021,term1,50,F,No,5,0,
m1207,st114,sec3,2021,term1,52,F,No,5,0,
m1208,st114,sec4,2021,term1,107,A,No,5,5,
m1209,st114,sec5,2021,term1,52,F,No,5,0,
m1210,st114,sec6,2021,term1,52,F,No,5,0,
m1211,st114,sec10,2021,term2,80,B,No,5,5,
m1212,st114,sec11,2021,term2,50,F,No,5,0,
m1213,st114,sec12,2021,term2,52,F,No,5,0,
m1214,st114,sec13,2021,term2,104,A,No,5,5,
m1215,st114,sec14,2021,term2,52,F,No,5,0,
m1216,st114,sec15,2021,term2,52,F,No,5,0,
m1217,st115,sec1,2021,term1,77,C,No,5,5,
m1218,st115,sec2,2021,term1,44,F,No,5,0,
m1219,st115,sec3,2021,term1,42,F,No,5,0,
m1220,st115,sec4,2021,term1,92,A,No,5,5,
m1221,st115,sec5,2021,term1,42,F,No,5,0,
m1222,st115,sec6,2021,term1,50,F,No,5,0,
m1223,st115,sec10,2021,term2,104,A,No,5,5,
m1224,st115,sec11,2021,term2,42,F,No,5,0,
m1225,st115,sec12,2021,term2,42,F,No,5,0,
m1226,st115,sec13,2021,term2,93,A,No,5,5,
m1227,st115,sec14,2021,term2,42,F,No,5,0,
m1228,st115,sec15,2021,term2,42,F,No,5,0,
m1229,st116,sec7,2021,term1,93,A,No,5,5,
m1230,st116,sec8,2021,term1,42,F,No,5,0,
m1231,st116,sec9,2021,term1,49,F,No,5,0,
m1232,st116,sec16,2021,term2,56,F,No,5,0,
m1233,st116,sec17,2021,term2,44,F,No,5,0,
m1234,st116,sec18,2021,term2,50,F,No,5,0,
m1235,st117,sec7,2021,term1,95,A,No,5,5,
m1236,st117,sec8,2021,term1,44,F,No,5,0,
m1237,st117,sec9,2021,term1,44,F,No,5,0,
m1238,st117,sec16,2021,term2,97,A,No,5,5,
m1239,st117,sec17,2021,term2,44,F,No,5,0,
m1240,st117,sec18,2021,term2,44,F,No,5,0,
m1241,st118,sec7,2021,term1,105,A,No,5,5,
m1242,st118,sec8,2021,term1,44,F,No,5,0,
m1243,st118,sec9,2021,term1,44,F,No,5,0,
m1244,st118,sec16,2021,term2,70,C,No,5,5,
m1245,st118,sec17,2021,term2,44,F,No,5,0,
m1246,st118,sec18,2021,term2,50,F,No,5,0,
m1247,st119,sec7,2021,term1,97,A,No,5,5,
m1248,st119,sec8,2021,term1,44,F,No,5,0,
m1249,st119,sec9,2021,term1,50,F,No,5,0,
m1250,st119,sec16,2021,term2,62,D,No,5,5,
m1251,st119,sec17,2021,term2,44,F,No,5,0,
m1252,st119,sec18,2021,term2,44,F,No,5,0,
m1253,st120,sec7,2021,term1,107,A,No,5,5,
m1254,st120,sec8,2021,term1,44,F,No,5,0,
m1255,st120,sec9,2021,term1,44,F,No,5,0,
m1256,st120,sec16,2021,term2,94,A,No,5,5,
m1257,st120,sec17,2021,term2,44,F,No,5,0,
m1258,st120,sec18,2021,term2,44,F,No,5,0,
m1259,st121,sec19,2021,term3,93,A,No,5,5,
m1260,st121,sec20,2021,term3,44,F,No,5,0,
m1261,st121,sec21,2021,term3,44,F,No,5,0,
m1262,st121,sec22,2021,term3,90,A,No,5,5,
m1263,st121,sec23,2021,term3,44,F,No,5,0,
m1264,st121,sec24,2021,term3,44,F,No,5,0,
m1265,st121,sec28,2021,term4,102,A,No,5,5,
m1266,st121,sec29,2021,term4,50,F,No,5,0,
m1267,st121,sec30,2021,term4,44,F,No,5,0,
m1268,st121,sec31,2021,term4,94,A,No,5,5,
m1269,st121,sec32,2021,term4,44,F,No,5,0,
m1270,st121,sec33,2021,term4,44,F,No,5,0,
m1271,st122,sec19,2021,term3,102,A,No,5,5,
m1272,st122,sec20,2021,term3,44,F,No,5,0,
m1273,st122,sec21,2021,term3,44,F,No,5,0,
m1274,st122,sec22,2021,term3,93,A,No,5,5,
m1275,st122,sec23,2021,term3,44,F,No,5,0,
m1276,st122,sec24,2021,term3,68,D,No,5,5,
m1277,st122,sec28,2021,term4,108,A,No,5,5,
m1278,st122,sec29,2021,term4,44,F,No,5,0,
m1279,st122,sec30,2021,term4,57,F,No,5,0,
m1280,st122,sec31,2021,term4,64,D,No,5,5,
m1281,st122,sec32,2021,term4,44,F,No,5,0,
m1282,st122,sec33,2021,term4,67,D,No,5,5,
m1283,st123,sec19,2021,term3,59,F,No,5,0,
m1284,st123,sec20,2021,term3,44,F,No,5,0,
m1285,st123,sec21,2021,term3,44,F,No,5,0,
m1286,st123,sec22,2021,term3,70,C,No,5,5,
m1287,st123,sec23,2021,term3,44,F,No,5,0,
m1288,st123,sec24,2021,term3,45,F,No,5,0,
m1289,st123,sec28,2021,term4,60,D,No,5,5,
m1290,st123,sec29,2021,term4,45,F,No,5,0,
m1291,st123,sec30,2021,term4,68,D,No,5,5,
m1292,st123,sec31,2021,term4,67,D,No,5,5,
m1293,st123,sec32,2021,term4,45,F,No,5,0,
m1294,st123,sec33,2021,term4,60,D,No,5,5,
m1295,st124,sec19,2021,term3,85,B,No,5,5,
m1296,st124,sec20,2021,term3,45,F,No,5,0,
m1297,st124,sec21,2021,term3,49,F,No,5,0,
m1298,st124,sec22,2021,term3,71,C,No,5,5,
m1299,st124,sec23,2021,term3,59,F,No,5,0,
m1300,st124,sec24,2021,term3,45,F,No,5,0,
m1301,st124,sec28,2021,term4,59,F,No,5,0,
m1302,st124,sec29,2021,term4,58,F,No,5,0,
m1303,st124,sec30,2021,term4,45,F,No,5,0,
m1304,st124,sec31,2021,term4,68,D,No,5,5,
m1305,st124,sec32,2021,term4,45,F,No,5,0,
m1306,st124,sec33,2021,term4,59,F,No,5,0,
m1307,st125,sec19,2021,term3,86,B,No,5,5,
m1308,st125,sec20,2021,term3,45,F,No,5,0,
m1309,st125,sec21,2021,term3,45,F,No,5,0,
m1310,st125,sec22,2021,term3,63,D,No,5,5,
m1311,st125,sec23,2021,term3,45,F,No,5,0,
m1312,st125,sec24,2021,term3,68,D,No,5,5,
m1313,st125,sec28,2021,term4,89,B,No,5,5,
m1314,st125,sec29,2021,term4,45,F,No,5,0,
m1315,st125,sec30,2021,term4,45,F,No,5,0,
m1316,st125,sec31,2021,term4,67,D,No,5,5,
m1317,st125,sec32,2021,term4,45,F,No,5,0,
m1318,st125,sec33,2021,term4,58,F,No,5,0,
m1319,st126,sec19,2021,term3,61,D,No,5,5,
m1320,st126,sec20,2021,term3,62,D,No,5,5,
m1321,st126,sec21,2021,term3,45,F,No,5,0,
m1322,st126,sec22,2021,term3,75,C,No,5,5,
m1323,st126,sec23,2021,term3,45,F,No,5,0,
m1324,st126,sec24,2021,term3,57,F,No,5,0,
m1325,st126,sec28,2021,term4,95,A,No,5,5,
m1326,st126,sec29,2021,term4,68,D,No,5,5,
m1327,st126,sec30,2021,term4,45,F,No,5,0,
m1328,st126,sec31,2021,term4,80,B,No,5,5,
m1329,st126,sec32,2021,term4,69,D,No,5,5,
m1330,st126,sec33,2021,term4,45,F,No,5,0,
m1331,st127,sec19,2021,term3,81,B,No,5,5,
m1332,st127,sec20,2021,term3,45,F,No,5,0,
m1333,st127,sec21,2021,term3,45,F,No,5,0,
m1334,st127,sec22,2021,term3,72,C,No,5,5,
m1335,st127,sec23,2021,term3,67,D,No,5,5,
m1336,st127,sec24,2021,term3,69,D,No,5,5,
m1337,st127,sec28,2021,term4,66,D,No,5,5,
m1338,st127,sec29,2021,term4,45,F,No,5,0,
m1339,st127,sec30,2021,term4,45,F,No,5,0,
m1340,st127,sec31,2021,term4,103,A,No,5,5,
m1341,st127,sec32,2021,term4,45,F,No,5,0,
m1342,st127,sec33,2021,term4,45,F,No,5,0,
m1343,st128,sec19,2021,term3,73,C,No,5,5,
m1344,st128,sec20,2021,term3,66,D,No,5,5,
m1345,st128,sec21,2021,term3,63,D,No,5,5,
m1346,st128,sec22,2021,term3,96,A,No,5,5,
m1347,st128,sec23,2021,term3,45,F,No,5,0,
m1348,st128,sec24,2021,term3,63,D,No,5,5,
m1349,st128,sec28,2021,term4,106,A,No,5,5,
m1350,st128,sec29,2021,term4,45,F,No,5,0,
m1351,st128,sec30,2021,term4,45,F,No,5,0,
m1352,st128,sec31,2021,term4,71,C,No,5,5,
m1353,st128,sec32,2021,term4,45,F,No,5,0,
m1354,st128,sec33,2021,term4,64,D,No,5,5,
m1355,st129,sec19,2021,term3,91,A,No,5,5,
m1356,st129,sec20,2021,term3,45,F,No,5,0,
m1357,st129,sec21,2021,term3,45,F,No,5,0,
m1358,st129,sec22,2021,term3,110,A,No,5,5,
m1359,st129,sec23,2021,term3,65,D,No,5,5,
m1360,st129,sec24,2021,term3,62,D,No,5,5,
m1361,st129,sec28,2021,term4,71,C,No,5,5,
m1362,st129,sec29,2021,term4,45,F,No,5,0,
m1363,st129,sec30,2021,term4,46,F,No,5,0,
m1364,st129,sec31,2021,term4,94,A,No,5,5,
m1365,st129,sec32,2021,term4,58,F,No,5,0,
m1366,st129,sec33,2021,term4,62,D,No,5,5,
m1367,st130,sec19,2021,term3,64,D,No,5,5,
m1368,st130,sec20,2021,term3,46,F,No,5,0,
m1369,st130,sec21,2021,term3,63,D,No,5,5,
m1370,st130,sec22,2021,term3,95,A,No,5,5,
m1371,st130,sec23,2021,term3,68,D,No,5,5,
m1372,st130,sec24,2021,term3,46,F,No,5,0,
m1373,st130,sec28,2021,term4,77,C,No,5,5,
m1374,st130,sec29,2021,term4,46,F,No,5,0,
m1375,st130,sec30,2021,term4,46,F,No,5,0,
m1376,st130,sec31,2021,term4,79,C,No,5,5,
m1377,st130,sec32,2021,term4,46,F,No,5,0,
m1378,st130,sec33,2021,term4,46,F,No,5,0,
m1379,st131,sec19,2021,term3,109,A,No,5,5,
m1380,st131,sec20,2021,term3,62,D,No,5,5,
m1381,st131,sec21,2021,term3,57,F,No,5,0,
m1382,st131,sec22,2021,term3,71,C,No,5,5,
m1383,st131,sec23,2021,term3,46,F,No,5,0,
m1384,st131,sec24,2021,term3,46,F,No,5,0,
m1385,st131,sec28,2021,term4,80,B,No,5,5,
m1386,st131,sec29,2021,term4,46,F,No,5,0,
m1387,st131,sec30,2021,term4,66,D,No,5,5,
m1388,st131,sec31,2021,term4,94,A,No,5,5,
m1389,st131,sec32,2021,term4,46,F,No,5,0,
m1390,st131,sec33,2021,term4,46,F,No,5,0,
m1391,st132,sec19,2021,term3,104,A,No,5,5,
m1392,st132,sec20,2021,term3,66,D,No,5,5,
m1393,st132,sec21,2021,term3,46,F,No,5,0,
m1394,st132,sec22,2021,term3,87,B,No,5,5,
m1395,st132,sec23,2021,term3,46,F,No,5,0,
m1396,st132,sec24,2021,term3,46,F,No,5,0,
m1397,st132,sec28,2021,term4,73,C,No,5,5,
m1398,st132,sec29,2021,term4,46,F,No,5,0,
m1399,st132,sec30,2021,term4,46,F,No,5,0,
m1400,st132,sec31,2021,term4,69,D,No,5,5,
m1401,st132,sec32,2021,term4,46,F,No,5,0,
m1402,st132,sec33,2021,term4,46,F,No,5,0,
m1403,st133,sec19,2021,term3,62,D,No,5,5,
m1404,st133,sec20,2021,term3,60,D,No,5,5,
m1405,st133,sec21,2021,term3,46,F,No,5,0,
m1406,st133,sec22,2021,term3,58,F,No,5,0,
m1407,st133,sec23,2021,term3,46,F,No,5,0,
m1408,st133,sec24,2021,term3,46,F,No,5,0,
m1409,st133,sec28,2021,term4,92,A,No,5,5,
m1410,st133,sec29,2021,term4,46,F,No,5,0,
m1411,st133,sec30,2021,term4,60,D,No,5,5,
m1412,st133,sec31,2021,term4,91,A,No,5,5,
m1413,st133,sec32,2021,term4,46,F,No,5,0,
m1414,st133,sec33,2021,term4,46,F,No,5,0,
m1415,st134,sec19,2021,term3,63,D,No,5,5,
m1416,st134,sec20,2021,term3,63,D,No,5,5,
m1417,st134,sec21,2021,term3,49,F,No,5,0,
m1418,st134,sec22,2021,term3,96,A,No,5,5,
m1419,st134,sec23,2021,term3,46,F,No,5,0,
m1420,st134,sec24,2021,term3,65,D,No,5,5,
m1421,st134,sec28,2021,term4,86,B,No,5,5,
m1422,st134,sec29,2021,term4,57,F,No,5,0,
m1423,st134,sec30,2021,term4,46,F,No,5,0,
m1424,st134,sec31,2021,term4,59,F,No,5,0,
m1425,st134,sec32,2021,term4,46,F,No,5,0,
m1426,st134,sec33,2021,term4,56,F,No,5,0,
m1427,st135,sec19,2021,term3,89,B,No,5,5,
m1428,st135,sec20,2021,term3,61,D,No,5,5,
m1429,st135,sec21,2021,term3,46,F,No,5,0,
m1430,st135,sec22,2021,term3,78,C,No,5,5,
m1431,st135,sec23,2021,term3,46,F,No,5,0,
m1432,st135,sec24,2021,term3,67,D,No,5,5,
m1433,st135,sec28,2021,term4,108,A,No,5,5,
m1434,st135,sec29,2021,term4,47,F,No,5,0,
m1435,st135,sec30,2021,term4,47,F,No,5,0,
m1436,st135,sec31,2021,term4,67,D,No,5,5,
m1437,st135,sec32,2021,term4,47,F,No,5,0,
m1438,st135,sec33,2021,term4,47,F,No,5,0,
m1439,st136,sec25,2021,term3,92,A,No,5,5,
m1440,st136,sec26,2021,term3,47,F,No,5,0,
m1441,st136,sec27,2021,term3,47,F,No,5,0,
m1442,st136,sec34,2021,term4,78,C,No,5,5,
m1443,st136,sec35,2021,term4,47,F,No,5,0,
m1444,st136,sec36,2021,term4,47,F,No,5,0,
m1445,st137,sec25,2021,term3,79,C,No,5,5,
m1446,st137,sec26,2021,term3,63,D,No,5,5,
m1447,st137,sec27,2021,term3,69,D,No,5,5,
m1448,st137,sec34,2021,term4,85,B,No,5,5,
m1449,st137,sec35,2021,term4,47,F,No,5,0,
m1450,st137,sec36,2021,term4,63,D,No,5,5,
m1451,st138,sec25,2021,term3,110,A,No,5,5,
m1452,st138,sec26,2021,term3,58,F,No,5,0,
m1453,st138,sec27,2021,term3,47,F,No,5,0,
m1454,st138,sec34,2021,term4,105,A,No,5,5,
m1455,st138,sec35,2021,term4,47,F,No,5,0,
m1456,st138,sec36,2021,term4,47,F,No,5,0,
m1457,st139,sec25,2021,term3,79,C,No,5,5,
m1458,st139,sec26,2021,term3,68,D,No,5,5,
m1459,st139,sec27,2021,term3,60,D,No,5,5,
m1460,st139,sec34,2021,term4,100,A,No,5,5,
m1461,st139,sec35,2021,term4,47,F,No,5,0,
m1462,st139,sec36,2021,term4,47,F,No,5,0,
m1463,st140,sec25,2021,term3,102,A,No,5,5,
m1464,st140,sec26,2021,term3,47,F,No,5,0,
m1465,st140,sec27,2021,term3,47,F,No,5,0,
m1466,st140,sec34,2021,term4,74,C,No,5,5,
m1467,st140,sec35,2021,term4,47,F,No,5,0,
m1468,st140,sec36,2021,term4,57,F,No,5,0,
m1469,st141,sec37,2021,term5,82,B,No,5,5,
m1470,st141,sec38,2021,term5,49,F,No,5,0,
m1471,st141,sec39,2021,term5,61,D,No,5,5,
m1472,st141,sec40,2021,term5,86,B,No,5,5,
m1473,st141,sec41,2021,term5,47,F,No,5,0,
m1474,st141,sec42,2021,term5,47,F,No,5,0,
m1475,st141,sec46,2021,term6,105,A,No,5,5,
m1476,st141,sec47,2021,term6,61,D,No,5,5,
m1477,st141,sec48,2021,term6,47,F,No,5,0,
m1478,st141,sec49,2021,term6,100,A,No,5,5,
m1479,st141,sec50,2021,term6,47,F,No,5,0,
m1480,st141,sec51,2021,term6,47,F,No,5,0,
m1481,st142,sec37,2021,term5,97,A,No,5,5,
m1482,st142,sec38,2021,term5,47,F,No,5,0,
m1483,st142,sec39,2021,term5,56,F,No,5,0,
m1484,st142,sec40,2021,term5,102,A,No,5,5,
m1485,st142,sec41,2021,term5,47,F,No,5,0,
m1486,st142,sec42,2021,term5,47,F,No,5,0,
m1487,st142,sec46,2021,term6,72,C,No,5,5,
m1488,st142,sec47,2021,term6,69,D,No,5,5,
m1489,st142,sec48,2021,term6,47,F,No,5,0,
m1490,st142,sec49,2021,term6,105,A,No,5,5,
m1491,st142,sec50,2021,term6,47,F,No,5,0,
m1492,st142,sec51,2021,term6,47,F,No,5,0,
m1493,st143,sec37,2021,term5,99,A,No,5,5,
m1494,st143,sec38,2021,term5,65,D,No,5,5,
m1495,st143,sec39,2021,term5,47,F,No,5,0,
m1496,st143,sec40,2021,term5,90,A,No,5,5,
m1497,st143,sec41,2021,term5,47,F,No,5,0,
m1498,st143,sec42,2021,term5,47,F,No,5,0,
m1499,st143,sec46,2021,term6,74,C,No,5,5,
m1500,st143,sec47,2021,term6,47,F,No,5,0,
m1501,st143,sec48,2021,term6,65,D,No,5,5,
m1502,st143,sec49,2021,term6,99,A,No,5,5,
m1503,st143,sec50,2021,term6,47,F,No,5,0,
m1504,st143,sec51,2021,term6,47,F,No,5,0,
m1505,st144,sec37,2021,term5,83,B,No,5,5,
m1506,st144,sec38,2021,term5,65,D,No,5,5,
m1507,st144,sec39,2021,term5,47,F,No,5,0,
m1508,st144,sec40,2021,term5,71,C,No,5,5,
m1509,st144,sec41,2021,term5,64,D,No,5,5,
m1510,st144,sec42,2021,term5,47,F,No,5,0,
m1511,st144,sec46,2021,term6,92,A,No,5,5,
m1512,st144,sec47,2021,term6,47,F,No,5,0,
m1513,st144,sec48,2021,term6,47,F,No,5,0,
m1514,st144,sec49,2021,term6,63,D,No,5,5,
m1515,st144,sec50,2021,term6,47,F,No,5,0,
m1516,st144,sec51,2021,term6,62,D,No,5,5,
m1517,st145,sec37,2021,term5,95,A,No,5,5,
m1518,st145,sec38,2021,term5,56,F,No,5,0,
m1519,st145,sec39,2021,term5,47,F,No,5,0,
m1520,st145,sec40,2021,term5,64,D,No,5,5,
m1521,st145,sec41,2021,term5,47,F,No,5,0,
m1522,st145,sec42,2021,term5,47,F,No,5,0,
m1523,st145,sec46,2021,term6,109,A,No,5,5,
m1524,st145,sec47,2021,term6,47,F,No,5,0,
m1525,st145,sec48,2021,term6,47,F,No,5,0,
m1526,st145,sec49,2021,term6,57,F,No,5,0,
m1527,st145,sec50,2021,term6,47,F,No,5,0,
m1528,st145,sec51,2021,term6,63,D,No,5,5,
m1529,st146,sec37,2021,term5,75,C,No,5,5,
m1530,st146,sec38,2021,term5,66,D,No,5,5,
m1531,st146,sec39,2021,term5,47,F,No,5,0,
m1532,st146,sec40,2021,term5,96,A,No,5,5,
m1533,st146,sec41,2021,term5,63,D,No,5,5,
m1534,st146,sec42,2021,term5,47,F,No,5,0,
m1535,st146,sec46,2021,term6,73,C,No,5,5,
m1536,st146,sec47,2021,term6,60,D,No,5,5,
m1537,st146,sec48,2021,term6,58,F,No,5,0,
m1538,st146,sec49,2021,term6,81,B,No,5,5,
m1539,st146,sec50,2021,term6,48,F,No,5,0,
m1540,st146,sec51,2021,term6,55,F,No,5,0,
m1541,st147,sec37,2021,term5,81,B,No,5,5,
m1542,st147,sec38,2021,term5,48,F,No,5,0,
m1543,st147,sec39,2021,term5,66,D,No,5,5,
m1544,st147,sec40,2021,term5,100,A,No,5,5,
m1545,st147,sec41,2021,term5,48,F,No,5,0,
m1546,st147,sec42,2021,term5,48,F,No,5,0,
m1547,st147,sec46,2021,term6,85,B,No,5,5,
m1548,st147,sec47,2021,term6,48,F,No,5,0,
m1549,st147,sec48,2021,term6,65,D,No,5,5,
m1550,st147,sec49,2021,term6,56,F,No,5,0,
m1551,st147,sec50,2021,term6,63,D,No,5,5,
m1552,st147,sec51,2021,term6,48,F,No,5,0,
m1553,st148,sec37,2021,term5,76,C,No,5,5,
m1554,st148,sec38,2021,term5,68,D,No,5,5,
m1555,st148,sec39,2021,term5,48,F,No,5,0,
m1556,st148,sec40,2021,term5,69,D,No,5,5,
m1557,st148,sec41,2021,term5,68,D,No,5,5,
m1558,st148,sec42,2021,term5,48,F,No,5,0,
m1559,st148,sec46,2021,term6,73,C,No,5,5,
m1560,st148,sec47,2021,term6,65,D,No,5,5,
m1561,st148,sec48,2021,term6,48,F,No,5,0,
m1562,st148,sec49,2021,term6,91,A,No,5,5,
m1563,st148,sec50,2021,term6,65,D,No,5,5,
m1564,st148,sec51,2021,term6,48,F,No,5,0,
m1565,st149,sec37,2021,term5,102,A,No,5,5,
m1566,st150,sec38,2021,term5,59,F,No,5,0,
m1567,st151,sec39,2021,term5,48,F,No,5,0,
m1568,st152,sec40,2021,term5,109,A,No,5,5,
m1569,st153,sec41,2021,term5,48,F,No,5,0,
m1570,st154,sec42,2021,term5,48,F,No,5,0,
m1571,st155,sec46,2021,term6,79,C,No,5,5,
m1572,st156,sec47,2021,term6,48,F,No,5,0,
m1573,st157,sec48,2021,term6,48,F,No,5,0,
m1574,st158,sec49,2021,term6,73,C,No,5,5,
m1575,st159,sec50,2021,term6,48,F,No,5,0,
m1576,st160,sec51,2021,term6,48,F,No,5,0,
m1577,st150,sec37,2021,term5,98,A,No,5,5,
m1578,st150,sec38,2021,term5,66,D,No,5,5,
m1579,st150,sec39,2021,term5,48,F,No,5,0,
m1580,st150,sec40,2021,term5,64,D,No,5,5,
m1581,st150,sec41,2021,term5,48,F,No,5,0,
m1582,st150,sec42,2021,term5,59,F,No,5,0,
m1583,st150,sec46,2021,term6,107,A,No,5,5,
m1584,st150,sec47,2021,term6,48,F,No,5,0,
m1585,st150,sec48,2021,term6,62,D,No,5,5,
m1586,st150,sec49,2021,term6,75,C,No,5,5,
m1587,st150,sec50,2021,term6,48,F,No,5,0,
m1588,st150,sec51,2021,term6,48,F,No,5,0,
m1589,st151,sec37,2021,term5,86,B,No,5,5,
m1590,st151,sec38,2021,term5,48,F,No,5,0,
m1591,st151,sec39,2021,term5,48,F,No,5,0,
m1592,st151,sec40,2021,term5,71,C,No,5,5,
m1593,st151,sec41,2021,term5,63,D,No,5,5,
m1594,st151,sec42,2021,term5,48,F,No,5,0,
m1595,st151,sec46,2021,term6,80,B,No,5,5,
m1596,st151,sec47,2021,term6,48,F,No,5,0,
m1597,st151,sec48,2021,term6,48,F,No,5,0,
m1598,st151,sec49,2021,term6,55,F,No,5,0,
m1599,st151,sec50,2021,term6,48,F,No,5,0,
m1600,st151,sec51,2021,term6,65,D,No,5,5,
m1601,st152,sec37,2021,term5,74,C,No,5,5,
m1602,st152,sec38,2021,term5,48,F,No,5,0,
m1603,st152,sec39,2021,term5,48,F,No,5,0,
m1604,st152,sec40,2021,term5,71,C,No,5,5,
m1605,st152,sec41,2021,term5,48,F,No,5,0,
m1606,st152,sec42,2021,term5,48,F,No,5,0,
m1607,st152,sec46,2021,term6,78,C,No,5,5,
m1608,st152,sec47,2021,term6,48,F,No,5,0,
m1609,st152,sec48,2021,term6,48,F,No,5,0,
m1610,st152,sec49,2021,term6,104,A,No,5,5,
m1611,st152,sec50,2021,term6,56,F,No,5,0,
m1612,st152,sec51,2021,term6,49,F,No,5,0,
m1613,st153,sec37,2021,term5,64,D,No,5,5,
m1614,st153,sec38,2021,term5,49,F,No,5,0,
m1615,st153,sec39,2021,term5,55,F,No,5,0,
m1616,st153,sec40,2021,term5,56,F,No,5,0,
m1617,st153,sec41,2021,term5,49,F,No,5,0,
m1618,st153,sec42,2021,term5,49,F,No,5,0,
m1619,st153,sec46,2021,term6,99,A,No,5,5,
m1620,st153,sec47,2021,term6,65,D,No,5,5,
m1621,st153,sec48,2021,term6,49,F,No,5,0,
m1622,st153,sec49,2021,term6,55,F,No,5,0,
m1623,st153,sec50,2021,term6,68,D,No,5,5,
m1624,st153,sec51,2021,term6,60,D,No,5,5,
m1625,st154,sec37,2021,term5,103,A,No,5,5,
m1626,st154,sec38,2021,term5,57,F,No,5,0,
m1627,st154,sec39,2021,term5,49,F,No,5,0,
m1628,st154,sec40,2021,term5,73,C,No,5,5,
m1629,st154,sec41,2021,term5,49,F,No,5,0,
m1630,st154,sec42,2021,term5,59,F,No,5,0,
m1631,st154,sec46,2021,term6,93,A,No,5,5,
m1632,st154,sec47,2021,term6,49,F,No,5,0,
m1633,st154,sec48,2021,term6,49,F,No,5,0,
m1634,st154,sec49,2021,term6,106,A,No,5,5,
m1635,st154,sec50,2021,term6,49,F,No,5,0,
m1636,st154,sec51,2021,term6,49,F,No,5,0,
m1637,st155,sec37,2021,term5,88,B,No,5,5,
m1638,st155,sec38,2021,term5,49,F,No,5,0,
m1639,st155,sec39,2021,term5,49,F,No,5,0,
m1640,st155,sec40,2021,term5,75,C,No,5,5,
m1641,st155,sec41,2021,term5,49,F,No,5,0,
m1642,st155,sec42,2021,term5,49,F,No,5,0,
m1643,st155,sec46,2021,term6,91,A,No,5,5,
m1644,st155,sec47,2021,term6,49,F,No,5,0,
m1645,st155,sec48,2021,term6,68,D,No,5,5,
m1646,st155,sec49,2021,term6,78,C,No,5,5,
m1647,st155,sec50,2021,term6,49,F,No,5,0,
m1648,st155,sec51,2021,term6,68,D,No,5,5,
m1649,st156,sec43,2021,term5,76,C,No,5,5,
m1650,st156,sec44,2021,term5,60,D,No,5,5,
m1651,st156,sec45,2021,term5,65,D,No,5,5,
m1652,st156,sec52,2021,term6,73,C,No,5,5,
m1653,st156,sec53,2021,term6,58,F,No,5,0,
m1654,st156,sec54,2021,term6,49,F,No,5,0,
m1655,st157,sec43,2021,term5,73,C,No,5,5,
m1656,st157,sec44,2021,term5,49,F,No,5,0,
m1657,st157,sec45,2021,term5,49,F,No,5,0,
m1658,st157,sec52,2021,term6,91,A,No,5,5,
m1659,st157,sec53,2021,term6,49,F,No,5,0,
m1660,st157,sec54,2021,term6,49,F,No,5,0,
m1661,st158,sec43,2021,term5,91,A,No,5,5,
m1662,st158,sec44,2021,term5,64,D,No,5,5,
m1663,st158,sec45,2021,term5,49,F,No,5,0,
m1664,st158,sec52,2021,term6,76,C,No,5,5,
m1665,st158,sec53,2021,term6,49,F,No,5,0,
m1666,st158,sec54,2021,term6,49,F,No,5,0,
m1667,st159,sec43,2021,term5,65,D,No,5,5,
m1668,st159,sec44,2021,term5,62,D,No,5,5,
m1669,st159,sec45,2021,term5,49,F,No,5,0,
m1670,st159,sec52,2021,term6,59,F,No,5,0,
m1671,st159,sec53,2021,term6,49,F,No,5,0,
m1672,st159,sec54,2021,term6,49,F,No,5,0,
m1673,st160,sec43,2021,term5,98,A,No,5,5,
m1674,st160,sec44,2021,term5,69,D,No,5,5,
m1675,st160,sec45,2021,term5,49,F,No,5,0,
m1676,st160,sec52,2021,term6,84,B,No,5,5,
m1677,st160,sec53,2021,term6,49,F,No,5,0,
m1678,st160,sec54,2021,term6,49,F,No,5,0,
m1679,st161,sec55,2021,term7,70,C,No,5,5,
m1680,st161,sec56,2021,term7,42,F,No,5,0,
m1681,st161,sec57,2021,term7,42,F,No,5,0,
m1682,st161,sec58,2021,term7,100,A,No,5,5,
m1683,st161,sec59,2021,term7,42,F,No,5,0,
m1684,st161,sec60,2021,term7,42,F,No,5,0,
m1685,st161,sec64,2021,term8,106,A,No,5,5,
m1686,st161,sec65,2021,term8,52,F,No,5,0,
m1687,st161,sec66,2021,term8,52,F,No,5,0,
m1688,st161,sec67,2021,term8,110,A,No,5,5,
m1689,st161,sec68,2021,term8,69,D,No,5,5,
m1690,st161,sec69,2021,term8,52,F,No,5,0,
m1691,st162,sec55,2021,term7,91,A,No,5,5,
m1692,st162,sec56,2021,term7,52,F,No,5,0,
m1693,st162,sec57,2021,term7,52,F,No,5,0,
m1694,st162,sec58,2021,term7,108,A,No,5,5,
m1695,st162,sec59,2021,term7,65,D,No,5,5,
m1696,st162,sec60,2021,term7,52,F,No,5,0,
m1697,st162,sec64,2021,term8,87,B,No,5,5,
m1698,st162,sec65,2021,term8,52,F,No,5,0,
m1699,st162,sec66,2021,term8,61,D,No,5,5,
m1700,st162,sec67,2021,term8,69,D,No,5,5,
m1701,st162,sec68,2021,term8,52,F,No,5,0,
m1702,st162,sec69,2021,term8,52,F,No,5,0,
m1703,st163,sec55,2021,term7,108,A,No,5,5,
m1704,st163,sec56,2021,term7,52,F,No,5,0,
m1705,st163,sec57,2021,term7,52,F,No,5,0,
m1706,st163,sec58,2021,term7,93,A,No,5,5,
m1707,st163,sec59,2021,term7,52,F,No,5,0,
m1708,st163,sec60,2021,term7,56,F,No,5,0,
m1709,st163,sec64,2021,term8,56,F,No,5,0,
m1710,st163,sec65,2021,term8,52,F,No,5,0,
m1711,st163,sec66,2021,term8,52,F,No,5,0,
m1712,st163,sec67,2021,term8,75,C,No,5,5,
m1713,st163,sec68,2021,term8,56,F,No,5,0,
m1714,st163,sec69,2021,term8,61,D,No,5,5,
m1715,st164,sec55,2021,term7,92,A,No,5,5,
m1716,st164,sec56,2021,term7,52,F,No,5,0,
m1717,st164,sec57,2021,term7,52,F,No,5,0,
m1718,st164,sec58,2021,term7,95,A,No,5,5,
m1719,st164,sec59,2021,term7,52,F,No,5,0,
m1720,st164,sec60,2021,term7,52,F,No,5,0,
m1721,st164,sec64,2021,term8,87,B,No,5,5,
m1722,st164,sec65,2021,term8,52,F,No,5,0,
m1723,st164,sec66,2021,term8,68,D,No,5,5,
m1724,st164,sec67,2021,term8,92,A,No,5,5,
m1725,st164,sec68,2021,term8,52,F,No,5,0,
m1726,st164,sec69,2021,term8,52,F,No,5,0,
m1727,st165,sec55,2021,term7,66,D,No,5,5,
m1728,st165,sec56,2021,term7,62,D,No,5,5,
m1729,st165,sec57,2021,term7,52,F,No,5,0,
m1730,st165,sec58,2021,term7,61,D,No,5,5,
m1731,st165,sec59,2021,term7,64,D,No,5,5,
m1732,st165,sec60,2021,term7,69,D,No,5,5,
m1733,st165,sec64,2021,term8,62,D,No,5,5,
m1734,st165,sec65,2021,term8,52,F,No,5,0,
m1735,st165,sec66,2021,term8,61,D,No,5,5,
m1736,st165,sec67,2021,term8,57,F,No,5,0,
m1737,st165,sec68,2021,term8,52,F,No,5,0,
m1738,st165,sec69,2021,term8,52,F,No,5,0,
m1739,st166,sec55,2021,term7,65,D,No,5,5,
m1740,st166,sec56,2021,term7,52,F,No,5,0,
m1741,st166,sec57,2021,term7,52,F,No,5,0,
m1742,st166,sec58,2021,term7,94,A,No,5,5,
m1743,st166,sec59,2021,term7,67,D,No,5,5,
m1744,st166,sec60,2021,term7,52,F,No,5,0,
m1745,st166,sec64,2021,term8,64,D,No,5,5,
m1746,st166,sec65,2021,term8,52,F,No,5,0,
m1747,st166,sec66,2021,term8,68,D,No,5,5,
m1748,st166,sec67,2021,term8,72,C,No,5,5,
m1749,st166,sec68,2021,term8,52,F,No,5,0,
m1750,st166,sec69,2021,term8,52,F,No,5,0,
m1751,st167,sec55,2021,term7,90,A,No,5,5,
m1752,st167,sec56,2021,term7,52,F,No,5,0,
m1753,st167,sec57,2021,term7,52,F,No,5,0,
m1754,st167,sec58,2021,term7,100,A,No,5,5,
m1755,st167,sec59,2021,term7,52,F,No,5,0,
m1756,st167,sec60,2021,term7,50,F,No,5,0,
m1757,st167,sec64,2021,term8,93,A,No,5,5,
m1758,st167,sec65,2021,term8,50,F,No,5,0,
m1759,st167,sec66,2021,term8,50,F,No,5,0,
m1760,st167,sec67,2021,term8,63,D,No,5,5,
m1761,st167,sec68,2021,term8,56,F,No,5,0,
m1762,st167,sec69,2021,term8,47,F,No,5,0,
m1763,st168,sec55,2021,term7,93,A,No,5,5,
m1764,st168,sec56,2021,term7,50,F,No,5,0,
m1765,st168,sec57,2021,term7,47,F,No,5,0,
m1766,st168,sec58,2021,term7,77,C,No,5,5,
m1767,st168,sec59,2021,term7,57,F,No,5,0,
m1768,st168,sec60,2021,term7,50,F,No,5,0,
m1769,st168,sec64,2021,term8,95,A,No,5,5,
m1770,st168,sec65,2021,term8,47,F,No,5,0,
m1771,st168,sec66,2021,term8,50,F,No,5,0,
m1772,st168,sec67,2021,term8,99,A,No,5,5,
m1773,st168,sec68,2021,term8,50,F,No,5,0,
m1774,st168,sec69,2021,term8,50,F,No,5,0,
m1775,st169,sec55,2021,term7,61,D,No,5,5,
m1776,st169,sec56,2021,term7,47,F,No,5,0,
m1777,st169,sec57,2021,term7,50,F,No,5,0,
m1778,st169,sec58,2021,term7,59,F,No,5,0,
m1779,st169,sec59,2021,term7,59,F,No,5,0,
m1780,st169,sec60,2021,term7,50,F,No,5,0,
m1781,st169,sec64,2021,term8,96,A,No,5,5,
m1782,st169,sec65,2021,term8,50,F,No,5,0,
m1783,st169,sec66,2021,term8,50,F,No,5,0,
m1784,st169,sec67,2021,term8,83,B,No,5,5,
m1785,st169,sec68,2021,term8,50,F,No,5,0,
m1786,st169,sec69,2021,term8,47,F,No,5,0,
m1787,st170,sec55,2021,term7,63,D,No,5,5,
m1788,st170,sec56,2021,term7,50,F,No,5,0,
m1789,st170,sec57,2021,term7,50,F,No,5,0,
m1790,st170,sec58,2021,term7,94,A,No,5,5,
m1791,st170,sec59,2021,term7,50,F,No,5,0,
m1792,st170,sec60,2021,term7,58,F,No,5,0,
m1793,st170,sec64,2021,term8,56,F,No,5,0,
m1794,st170,sec65,2021,term8,47,F,No,5,0,
m1795,st170,sec66,2021,term8,52,F,No,5,0,
m1796,st170,sec67,2021,term8,66,D,No,5,5,
m1797,st170,sec68,2021,term8,50,F,No,5,0,
m1798,st170,sec69,2021,term8,50,F,No,5,0,
m1799,st171,sec55,2021,term7,79,C,No,5,5,
m1800,st171,sec56,2021,term7,56,F,No,5,0,
m1801,st171,sec57,2021,term7,50,F,No,5,0,
m1802,st171,sec58,2021,term7,66,D,No,5,5,
m1803,st171,sec59,2021,term7,47,F,No,5,0,
m1804,st171,sec60,2021,term7,47,F,No,5,0,
m1805,st171,sec64,2021,term8,66,D,No,5,5,
m1806,st171,sec65,2021,term8,50,F,No,5,0,
m1807,st171,sec66,2021,term8,50,F,No,5,0,
m1808,st171,sec67,2021,term8,74,C,No,5,5,
m1809,st171,sec68,2021,term8,47,F,No,5,0,
m1810,st171,sec69,2021,term8,50,F,No,5,0,
m1811,st172,sec55,2021,term7,95,A,No,5,5,
m1812,st172,sec56,2021,term7,50,F,No,5,0,
m1813,st172,sec57,2021,term7,47,F,No,5,0,
m1814,st172,sec58,2021,term7,97,A,No,5,5,
m1815,st172,sec59,2021,term7,52,F,No,5,0,
m1816,st172,sec60,2021,term7,50,F,No,5,0,
m1817,st172,sec64,2021,term8,81,B,No,5,5,
m1818,st172,sec65,2021,term8,52,F,No,5,0,
m1819,st172,sec66,2021,term8,50,F,No,5,0,
m1820,st172,sec67,2021,term8,74,C,No,5,5,
m1821,st172,sec68,2021,term8,55,F,No,5,0,
m1822,st172,sec69,2021,term8,55,F,No,5,0,
m1823,st173,sec55,2021,term7,56,F,No,5,0,
m1824,st173,sec56,2021,term7,55,F,No,5,0,
m1825,st173,sec57,2021,term7,47,F,No,5,0,
m1826,st173,sec58,2021,term7,72,C,No,5,5,
m1827,st173,sec59,2021,term7,47,F,No,5,0,
m1828,st173,sec60,2021,term7,55,F,No,5,0,
m1829,st173,sec64,2021,term8,73,C,No,5,5,
m1830,st173,sec65,2021,term8,55,F,No,5,0,
m1831,st173,sec66,2021,term8,55,F,No,5,0,
m1832,st173,sec67,2021,term8,101,A,No,5,5,
m1833,st173,sec68,2021,term8,55,F,No,5,0,
m1834,st173,sec69,2021,term8,55,F,No,5,0,
m1835,st174,sec55,2021,term7,58,F,No,5,0,
m1836,st174,sec56,2021,term7,55,F,No,5,0,
m1837,st174,sec57,2021,term7,55,F,No,5,0,
m1838,st174,sec58,2021,term7,66,D,No,5,5,
m1839,st174,sec59,2021,term7,47,F,No,5,0,
m1840,st174,sec60,2021,term7,55,F,No,5,0,
m1841,st174,sec64,2021,term8,103,A,No,5,5,
m1842,st174,sec65,2021,term8,55,F,No,5,0,
m1843,st174,sec66,2021,term8,55,F,No,5,0,
m1844,st174,sec67,2021,term8,90,A,No,5,5,
m1845,st174,sec68,2021,term8,55,F,No,5,0,
m1846,st174,sec69,2021,term8,55,F,No,5,0,
m1847,st175,sec55,2021,term7,68,D,No,5,5,
m1848,st175,sec56,2021,term7,55,F,No,5,0,
m1849,st175,sec57,2021,term7,52,F,No,5,0,
m1850,st175,sec58,2021,term7,106,A,No,5,5,
m1851,st175,sec59,2021,term7,55,F,No,5,0,
m1852,st175,sec60,2021,term7,55,F,No,5,0,
m1853,st175,sec64,2021,term8,104,A,No,5,5,
m1854,st175,sec65,2021,term8,52,F,No,5,0,
m1855,st175,sec66,2021,term8,55,F,No,5,0,
m1856,st175,sec67,2021,term8,85,B,No,5,5,
m1857,st175,sec68,2021,term8,55,F,No,5,0,
m1858,st175,sec69,2021,term8,55,F,No,5,0,
m1859,st176,sec61,2021,term7,69,D,No,5,5,
m1860,st176,sec62,2021,term7,55,F,No,5,0,
m1861,st176,sec63,2021,term7,55,F,No,5,0,
m1862,st176,sec70,2021,term8,105,A,No,5,5,
m1863,st176,sec71,2021,term8,52,F,No,5,0,
m1864,st176,sec72,2021,term8,52,F,No,5,0,
m1865,st177,sec61,2021,term7,103,A,No,5,5,
m1866,st177,sec62,2021,term7,52,F,No,5,0,
m1867,st177,sec63,2021,term7,52,F,No,5,0,
m1868,st177,sec70,2021,term8,69,D,No,5,5,
m1869,st177,sec71,2021,term8,59,F,No,5,0,
m1870,st177,sec72,2021,term8,52,F,No,5,0,
m1871,st178,sec61,2021,term7,96,A,No,5,5,
m1872,st178,sec62,2021,term7,47,F,No,5,0,
m1873,st178,sec63,2021,term7,47,F,No,5,0,
m1874,st178,sec70,2021,term8,99,A,No,5,5,
m1875,st178,sec71,2021,term8,52,F,No,5,0,
m1876,st178,sec72,2021,term8,56,F,No,5,0,
m1877,st179,sec61,2021,term7,84,B,No,5,5,
m1878,st179,sec62,2021,term7,52,F,No,5,0,
m1879,st179,sec63,2021,term7,52,F,No,5,0,
m1880,st179,sec70,2021,term8,73,C,No,5,5,
m1881,st179,sec71,2021,term8,47,F,No,5,0,
m1882,st179,sec72,2021,term8,47,F,No,5,0,
m1883,st180,sec61,2021,term7,76,C,No,5,5,
m1884,st180,sec62,2021,term7,52,F,No,5,0,
m1885,st180,sec63,2021,term7,52,F,No,5,0,
m1886,st180,sec70,2021,term8,75,C,No,5,5,
m1887,st180,sec71,2021,term8,52,F,No,5,0,
m1888,st180,sec72,2021,term8,47,F,No,5,0,
m1889,st181,sec73,2021,term9,95,A,No,5,5,
m1890,st181,sec74,2021,term9,47,F,No,5,0,
m1891,st181,sec75,2021,term9,52,F,No,5,0,
m1892,st181,sec76,2021,term9,99,A,No,5,5,
m1893,st181,sec77,2021,term9,57,F,No,5,0,
m1894,st181,sec78,2021,term9,52,F,No,5,0,
m1895,st181,sec82,2021,term10,58,F,No,5,0,
m1896,st181,sec83,2021,term10,52,F,No,5,0,
m1897,st181,sec84,2021,term10,55,F,No,5,0,
m1898,st181,sec85,2021,term10,84,B,No,5,5,
m1899,st181,sec86,2021,term10,52,F,No,5,0,
m1900,st181,sec87,2021,term10,47,F,No,5,0,
m1901,st182,sec73,2021,term9,102,A,No,5,5,
m1902,st182,sec74,2021,term9,52,F,No,5,0,
m1903,st182,sec75,2021,term9,52,F,No,5,0,
m1904,st182,sec76,2021,term9,66,D,No,5,5,
m1905,st182,sec77,2021,term9,52,F,No,5,0,
m1906,st182,sec78,2021,term9,47,F,No,5,0,
m1907,st182,sec82,2021,term10,91,A,No,5,5,
m1908,st182,sec83,2021,term10,52,F,No,5,0,
m1909,st182,sec84,2021,term10,52,F,No,5,0,
m1910,st182,sec85,2021,term10,103,A,No,5,5,
m1911,st182,sec86,2021,term10,47,F,No,5,0,
m1912,st182,sec87,2021,term10,52,F,No,5,0,
m1913,st183,sec73,2021,term9,87,B,No,5,5,
m1914,st183,sec74,2021,term9,57,F,No,5,0,
m1915,st183,sec75,2021,term9,52,F,No,5,0,
m1916,st183,sec76,2021,term9,79,C,No,5,5,
m1917,st183,sec77,2021,term9,52,F,No,5,0,
m1918,st183,sec78,2021,term9,52,F,No,5,0,
m1919,st183,sec82,2021,term10,71,C,No,5,5,
m1920,st183,sec83,2021,term10,52,F,No,5,0,
m1921,st183,sec84,2021,term10,52,F,No,5,0,
m1922,st183,sec85,2021,term10,97,A,No,5,5,
m1923,st183,sec86,2021,term10,52,F,No,5,0,
m1924,st183,sec87,2021,term10,52,F,No,5,0,
m1925,st184,sec73,2021,term9,52,F,No,5,0,
m1926,st184,sec74,2021,term9,102,A,No,5,5,
m1927,st184,sec75,2021,term9,56,F,No,5,0,
m1928,st184,sec76,2021,term9,59,F,No,5,0,
m1929,st184,sec77,2021,term9,92,A,No,5,5,
m1930,st184,sec78,2021,term9,47,F,No,5,0,
m1931,st184,sec82,2021,term10,47,F,No,5,0,
m1932,st184,sec83,2021,term10,86,B,No,5,5,
m1933,st184,sec84,2021,term10,59,F,No,5,0,
m1934,st184,sec85,2021,term10,51,F,No,5,0,
m1935,st184,sec86,2021,term10,80,B,No,5,5,
m1936,st184,sec87,2021,term10,56,F,No,5,0,
m1937,st185,sec73,2021,term9,51,F,No,5,0,
m1938,st185,sec74,2021,term9,79,C,No,5,5,
m1939,st185,sec75,2021,term9,47,F,No,5,0,
m1940,st185,sec76,2021,term9,51,F,No,5,0,
m1941,st185,sec77,2021,term9,67,D,No,5,5,
m1942,st185,sec78,2021,term9,47,F,No,5,0,
m1943,st185,sec82,2021,term10,54,F,No,5,0,
m1944,st185,sec83,2021,term10,60,D,No,5,5,
m1945,st185,sec84,2021,term10,52,F,No,5,0,
m1946,st185,sec85,2021,term10,58,F,No,5,0,
m1947,st185,sec86,2021,term10,95,A,No,5,5,
m1948,st185,sec87,2021,term10,51,F,No,5,0,
m1949,st186,sec73,2021,term9,47,F,No,5,0,
m1950,st186,sec74,2021,term9,98,A,No,5,5,
m1951,st186,sec75,2021,term9,47,F,No,5,0,
m1952,st186,sec76,2021,term9,55,F,No,5,0,
m1953,st186,sec77,2021,term9,55,F,No,5,0,
m1954,st186,sec78,2021,term9,50,F,No,5,0,
m1955,st186,sec82,2021,term10,47,F,No,5,0,
m1956,st186,sec83,2021,term10,92,A,No,5,5,
m1957,st186,sec84,2021,term10,51,F,No,5,0,
m1958,st186,sec85,2021,term10,51,F,No,5,0,
m1959,st186,sec86,2021,term10,104,A,No,5,5,
m1960,st186,sec87,2021,term10,47,F,No,5,0,
m1961,st187,sec73,2021,term9,47,F,No,5,0,
m1962,st187,sec74,2021,term9,104,A,No,5,5,
m1963,st187,sec75,2021,term9,51,F,No,5,0,
m1964,st187,sec76,2021,term9,47,F,No,5,0,
m1965,st187,sec77,2021,term9,93,A,No,5,5,
m1966,st187,sec78,2021,term9,47,F,No,5,0,
m1967,st187,sec82,2021,term10,47,F,No,5,0,
m1968,st187,sec83,2021,term10,70,C,No,5,5,
m1969,st187,sec84,2021,term10,57,F,No,5,0,
m1970,st187,sec85,2021,term10,51,F,No,5,0,
m1971,st187,sec86,2021,term10,65,D,No,5,5,
m1972,st187,sec87,2021,term10,51,F,No,5,0,
m1973,st188,sec73,2021,term9,51,F,No,5,0,
m1974,st188,sec74,2021,term9,99,A,No,5,5,
m1975,st188,sec75,2021,term9,59,F,No,5,0,
m1976,st188,sec76,2021,term9,47,F,No,5,0,
m1977,st188,sec77,2021,term9,57,F,No,5,0,
m1978,st188,sec78,2021,term9,51,F,No,5,0,
m1979,st188,sec82,2021,term10,51,F,No,5,0,
m1980,st188,sec83,2021,term10,63,D,No,5,5,
m1981,st188,sec84,2021,term10,47,F,No,5,0,
m1982,st188,sec85,2021,term10,47,F,No,5,0,
m1983,st188,sec86,2021,term10,108,A,No,5,5,
m1984,st188,sec87,2021,term10,47,F,No,5,0,
m1985,st189,sec73,2021,term9,47,F,No,5,0,
m1986,st189,sec74,2021,term9,81,B,No,5,5,
m1987,st189,sec75,2021,term9,47,F,No,5,0,
m1988,st189,sec76,2021,term9,47,F,No,5,0,
m1989,st189,sec77,2021,term9,72,C,No,5,5,
m1990,st189,sec78,2021,term9,47,F,No,5,0,
m1991,st189,sec82,2021,term10,59,F,No,5,0,
m1992,st189,sec83,2021,term10,91,A,No,5,5,
m1993,st189,sec84,2021,term10,51,F,No,5,0,
m1994,st189,sec85,2021,term10,42,F,No,5,0,
m1995,st189,sec86,2021,term10,97,A,No,5,5,
m1996,st189,sec87,2021,term10,47,F,No,5,0,
m1997,st190,sec73,2021,term9,47,F,No,5,0,
m1998,st190,sec74,2021,term9,80,B,No,5,5,
m1999,st190,sec75,2021,term9,47,F,No,5,0,
m2000,st190,sec76,2021,term9,47,F,No,5,0,
m2001,st190,sec77,2021,term9,62,D,No,5,5,
m2002,st190,sec78,2021,term9,47,F,No,5,0,
m2003,st190,sec82,2021,term10,52,F,No,5,0,
m2004,st190,sec83,2021,term10,69,D,No,5,5,
m2005,st190,sec84,2021,term10,52,F,No,5,0,
m2006,st190,sec85,2021,term10,52,F,No,5,0,
m2007,st190,sec86,2021,term10,106,A,No,5,5,
m2008,st190,sec87,2021,term10,52,F,No,5,0,
m2009,st191,sec73,2021,term9,52,F,No,5,0,
m2010,st191,sec74,2021,term9,57,F,No,5,0,
m2011,st191,sec75,2021,term9,52,F,No,5,0,
m2012,st191,sec76,2021,term9,52,F,No,5,0,
m2013,st191,sec77,2021,term9,110,A,No,5,5,
m2014,st191,sec78,2021,term9,52,F,No,5,0,
m2015,st191,sec82,2021,term10,52,F,No,5,0,
m2016,st191,sec83,2021,term10,70,C,No,5,5,
m2017,st191,sec84,2021,term10,52,F,No,5,0,
m2018,st191,sec85,2021,term10,59,F,No,5,0,
m2019,st191,sec86,2021,term10,57,F,No,5,0,
m2020,st191,sec87,2021,term10,52,F,No,5,0,
m2021,st192,sec73,2021,term9,42,F,No,5,0,
m2022,st192,sec74,2021,term9,95,A,No,5,5,
m2023,st192,sec75,2021,term9,42,F,No,5,0,
m2024,st192,sec76,2021,term9,52,F,No,5,0,
m2025,st192,sec77,2021,term9,73,C,No,5,5,
m2026,st192,sec78,2021,term9,42,F,No,5,0,
m2027,st192,sec82,2021,term10,47,F,No,5,0,
m2028,st192,sec83,2021,term10,60,D,No,5,5,
m2029,st192,sec84,2021,term10,52,F,No,5,0,
m2030,st192,sec85,2021,term10,59,F,No,5,0,
m2031,st192,sec86,2021,term10,56,F,No,5,0,
m2032,st192,sec87,2021,term10,52,F,No,5,0,
m2033,st193,sec73,2021,term9,42,F,No,5,0,
m2034,st193,sec74,2021,term9,83,B,No,5,5,
m2035,st193,sec75,2021,term9,52,F,No,5,0,
m2036,st193,sec76,2021,term9,52,F,No,5,0,
m2037,st193,sec77,2021,term9,79,C,No,5,5,
m2038,st193,sec78,2021,term9,52,F,No,5,0,
m2039,st193,sec82,2021,term10,52,F,No,5,0,
m2040,st193,sec83,2021,term10,108,A,No,5,5,
m2041,st193,sec84,2021,term10,52,F,No,5,0,
m2042,st193,sec85,2021,term10,42,F,No,5,0,
m2043,st193,sec86,2021,term10,107,A,No,5,5,
m2044,st193,sec87,2021,term10,52,F,No,5,0,
m2045,st194,sec73,2021,term9,42,F,No,5,0,
m2046,st194,sec74,2021,term9,94,A,No,5,5,
m2047,st194,sec75,2021,term9,42,F,No,5,0,
m2048,st194,sec76,2021,term9,42,F,No,5,0,
m2049,st194,sec77,2021,term9,80,B,No,5,5,
m2050,st194,sec78,2021,term9,52,F,No,5,0,
m2051,st194,sec82,2021,term10,42,F,No,5,0,
m2052,st194,sec83,2021,term10,102,A,No,5,5,
m2053,st194,sec84,2021,term10,42,F,No,5,0,
m2054,st194,sec85,2021,term10,42,F,No,5,0,
m2055,st194,sec86,2021,term10,60,D,No,5,5,
m2056,st194,sec87,2021,term10,50,F,No,5,0,
m2057,st195,sec73,2021,term9,52,F,No,5,0,
m2058,st195,sec74,2021,term9,103,A,No,5,5,
m2059,st195,sec75,2021,term9,42,F,No,5,0,
m2060,st195,sec76,2021,term9,42,F,No,5,0,
m2061,st195,sec77,2021,term9,58,F,No,5,0,
m2062,st195,sec78,2021,term9,50,F,No,5,0,
m2063,st195,sec82,2021,term10,42,F,No,5,0,
m2064,st195,sec83,2021,term10,99,A,No,5,5,
m2065,st195,sec84,2021,term10,42,F,No,5,0,
m2066,st195,sec85,2021,term10,50,F,No,5,0,
m2067,st195,sec86,2021,term10,105,A,No,5,5,
m2068,st195,sec87,2021,term10,52,F,No,5,0,
m2069,st196,sec79,2021,term9,52,F,No,5,0,
m2070,st196,sec80,2021,term9,62,D,No,5,5,
m2071,st196,sec81,2021,term9,52,F,No,5,0,
m2072,st196,sec88,2021,term10,50,F,No,5,0,
m2073,st196,sec89,2021,term10,107,A,No,5,5,
m2074,st196,sec90,2021,term10,42,F,No,5,0,
m2075,st197,sec79,2021,term9,50,F,No,5,0,
m2076,st197,sec80,2021,term9,93,A,No,5,5,
m2077,st197,sec81,2021,term9,52,F,No,5,0,
m2078,st197,sec88,2021,term10,52,F,No,5,0,
m2079,st197,sec89,2021,term10,62,D,No,5,5,
m2080,st197,sec90,2021,term10,42,F,No,5,0,
m2081,st198,sec79,2021,term9,52,F,No,5,0,
m2082,st198,sec80,2021,term9,66,D,No,5,5,
m2083,st198,sec81,2021,term9,50,F,No,5,0,
m2084,st198,sec88,2021,term10,52,F,No,5,0,
m2085,st198,sec89,2021,term10,107,A,No,5,5,
m2086,st198,sec90,2021,term10,52,F,No,5,0,
m2087,st199,sec79,2021,term9,52,F,No,5,0,
m2088,st199,sec80,2021,term9,80,B,No,5,5,
m2089,st199,sec81,2021,term9,50,F,No,5,0,
m2090,st199,sec88,2021,term10,52,F,No,5,0,
m2091,st199,sec89,2021,term10,104,A,No,5,5,
m2092,st199,sec90,2021,term10,52,F,No,5,0,
m2093,st200,sec79,2021,term1,52,F,No,5,0,
m2094,st200,sec80,2021,term1,77,C,No,5,5,
m2095,st200,sec81,2021,term1,44,F,No,5,0,
m2096,st200,sec88,2021,term1,42,F,No,5,0,
m2097,st200,sec89,2021,term1,92,A,No,5,5,
