id,student_id,school_year,school_id,attendance_date,all_day,Period,section_id,A,alpha_grade_earned,PresenceFlag,attendance_status,attendance_type,attendance_sequence
att1071,st100,2020,sch5,8/15/2020,No,1,sec79,P,A,1,Present,ClassSectionAttendance,0
att1072,st100,2020,sch5,8/15/2020,No,1,sec80,P,A,1,Present,ClassSectionAttendance,0
att1073,st100,2020,sch5,8/15/2020,No,1,sec81,P,B,1,Present,ClassSectionAttendance,0
att1074,st100,2020,sch5,8/15/2020,No,1,sec88,P,C,1,Present,ClassSectionAttendance,0
att1075,st101,2020,sch1,8/15/2020,No,1,sec1,P,A,1,Present,ClassSectionAttendance,0
att1076,st101,2020,sch1,8/15/2020,No,1,sec2,A,F,1,Absent,ClassSectionAttendance,0
att1077,st101,2020,sch1,8/15/2020,No,1,sec3,A,F,1,Absent,ClassSectionAttendance,0
att1078,st101,2020,sch1,8/15/2020,No,1,sec4,P,A,1,Present,ClassSectionAttendance,0
att1079,st101,2020,sch1,8/15/2020,No,1,sec5,A,F,1,Absent,ClassSectionAttendance,0
att1080,st101,2020,sch1,8/15/2020,No,1,sec6,A,F,1,Absent,ClassSectionAttendance,0
att1081,st101,2020,sch1,8/15/2020,No,1,sec10,P,B,1,Present,ClassSectionAttendance,0
att1082,st101,2020,sch1,8/15/2020,No,1,sec11,A,F,1,Absent,ClassSectionAttendance,0
att1083,st101,2020,sch1,8/15/2020,No,1,sec12,A,F,1,Absent,ClassSectionAttendance,0
att1084,st101,2020,sch1,8/15/2020,No,1,sec13,P,B,1,Present,ClassSectionAttendance,0
att1085,st101,2020,sch1,8/15/2020,No,1,sec14,A,F,1,Absent,ClassSectionAttendance,0
att1086,st101,2020,sch1,8/15/2020,No,1,sec15,A,F,1,Absent,ClassSectionAttendance,0
att1087,st102,2020,sch1,8/15/2020,No,1,sec1,P,C,1,Present,ClassSectionAttendance,0
att1088,st102,2020,sch1,8/15/2020,No,1,sec2,A,F,1,Absent,ClassSectionAttendance,0
att1089,st102,2020,sch1,8/15/2020,No,1,sec3,A,F,1,Absent,ClassSectionAttendance,0
att1090,st102,2020,sch1,8/15/2020,No,1,sec4,P,D,1,Present,ClassSectionAttendance,0
att1091,st102,2020,sch1,8/15/2020,No,1,sec5,A,F,1,Absent,ClassSectionAttendance,0
att1092,st102,2020,sch1,8/15/2020,No,1,sec6,A,F,1,Absent,ClassSectionAttendance,0
att1093,st102,2020,sch1,8/15/2020,No,1,sec10,P,D,1,Present,ClassSectionAttendance,0
att1094,st102,2020,sch1,8/15/2020,No,1,sec11,A,F,1,Absent,ClassSectionAttendance,0
att1095,st102,2020,sch1,8/15/2020,No,1,sec12,A,F,1,Absent,ClassSectionAttendance,0
att1096,st102,2020,sch1,8/15/2020,No,1,sec13,P,A,1,Present,ClassSectionAttendance,0
att1097,st102,2020,sch1,8/15/2020,No,1,sec14,A,F,1,Absent,ClassSectionAttendance,0
att1098,st102,2020,sch1,8/15/2020,No,1,sec15,A,F,1,Absent,ClassSectionAttendance,0
att1099,st103,2020,sch1,8/15/2020,No,1,sec1,P,A,1,Present,ClassSectionAttendance,0
att1100,st103,2020,sch1,8/15/2020,No,1,sec2,A,F,1,Absent,ClassSectionAttendance,0
att1101,st103,2020,sch1,8/15/2020,No,1,sec3,A,F,1,Absent,ClassSectionAttendance,0
att1102,st103,2020,sch1,8/15/2020,No,1,sec4,A,F,1,Absent,ClassSectionAttendance,0
att1103,st103,2020,sch1,8/15/2020,No,1,sec5,A,F,1,Absent,ClassSectionAttendance,0
att1104,st103,2020,sch1,8/15/2020,No,1,sec6,A,F,1,Absent,ClassSectionAttendance,0
att1105,st103,2020,sch1,8/15/2020,No,1,sec10,P,A,1,Present,ClassSectionAttendance,0
att1106,st103,2020,sch1,8/15/2020,No,1,sec11,A,F,1,Absent,ClassSectionAttendance,0
att1107,st103,2020,sch1,8/15/2020,No,1,sec12,A,F,1,Absent,ClassSectionAttendance,0
att1108,st103,2020,sch1,8/15/2020,No,1,sec13,P,A,1,Present,ClassSectionAttendance,0
att1109,st103,2020,sch1,8/15/2020,No,1,sec14,A,F,1,Absent,ClassSectionAttendance,0
att1110,st103,2020,sch1,8/15/2020,No,1,sec15,A,F,1,Absent,ClassSectionAttendance,0
att1111,st104,2020,sch1,8/15/2020,No,1,sec1,P,A,1,Present,ClassSectionAttendance,0
att1112,st104,2020,sch1,8/15/2020,No,1,sec2,P,F,1,Present,ClassSectionAttendance,0
att1113,st104,2020,sch1,8/15/2020,No,1,sec3,A,F,1,Absent,ClassSectionAttendance,0
att1114,st104,2020,sch1,8/15/2020,No,1,sec4,P,A,1,Present,ClassSectionAttendance,0
att1115,st104,2020,sch1,8/15/2020,No,1,sec5,A,F,1,Absent,ClassSectionAttendance,0
att1116,st104,2020,sch1,8/15/2020,No,1,sec6,A,F,1,Absent,ClassSectionAttendance,0
att1117,st104,2020,sch1,8/15/2020,No,1,sec10,P,C,1,Present,ClassSectionAttendance,0
att1118,st104,2020,sch1,8/15/2020,No,1,sec11,A,F,1,Absent,ClassSectionAttendance,0
att1119,st104,2020,sch1,8/15/2020,No,1,sec12,A,F,1,Absent,ClassSectionAttendance,0
att1120,st104,2020,sch1,8/15/2020,No,1,sec13,P,D,1,Present,ClassSectionAttendance,0
att1121,st104,2020,sch1,8/15/2020,No,1,sec14,A,F,1,Absent,ClassSectionAttendance,0
att1122,st104,2020,sch1,8/15/2020,No,1,sec15,A,F,1,Absent,ClassSectionAttendance,0
att1123,st105,2020,sch1,8/15/2020,No,1,sec1,P,A,1,Present,ClassSectionAttendance,0
att1124,st105,2020,sch1,8/15/2020,No,1,sec2,A,F,1,Absent,ClassSectionAttendance,0
att1125,st105,2020,sch1,8/15/2020,No,1,sec3,A,F,1,Absent,ClassSectionAttendance,0
att1126,st105,2020,sch1,8/15/2020,No,1,sec4,A,F,1,Absent,ClassSectionAttendance,0
att1127,st105,2020,sch1,8/15/2020,No,1,sec5,A,F,1,Absent,ClassSectionAttendance,0
att1128,st105,2020,sch1,8/15/2020,No,1,sec6,P,F,1,Present,ClassSectionAttendance,0
att1129,st105,2020,sch1,8/15/2020,No,1,sec10,P,D,1,Present,ClassSectionAttendance,0
att1130,st105,2020,sch1,8/15/2020,No,1,sec11,A,F,1,Absent,ClassSectionAttendance,0
att1131,st105,2020,sch1,8/15/2020,No,1,sec12,A,F,1,Absent,ClassSectionAttendance,0
att1132,st105,2020,sch1,8/15/2020,No,1,sec13,P,A,1,Present,ClassSectionAttendance,0
att1133,st105,2020,sch1,8/15/2020,No,1,sec14,A,F,1,Absent,ClassSectionAttendance,0
att1134,st105,2020,sch1,8/15/2020,No,1,sec15,A,F,1,Absent,ClassSectionAttendance,0
att1135,st106,2020,sch1,8/15/2020,No,1,sec1,P,B,1,Present,ClassSectionAttendance,0
att1136,st106,2020,sch1,8/15/2020,No,1,sec2,A,F,1,Absent,ClassSectionAttendance,0
att1137,st106,2020,sch1,8/15/2020,No,1,sec3,A,F,1,Absent,ClassSectionAttendance,0
att1138,st106,2020,sch1,8/15/2020,No,1,sec4,P,C,1,Present,ClassSectionAttendance,0
att1139,st106,2020,sch1,8/15/2020,No,1,sec5,A,F,1,Absent,ClassSectionAttendance,0
att1140,st106,2020,sch1,8/15/2020,No,1,sec6,A,F,1,Absent,ClassSectionAttendance,0
att1141,st106,2020,sch1,8/15/2020,No,1,sec10,P,A,1,Present,ClassSectionAttendance,0
att1142,st106,2020,sch1,8/15/2020,No,1,sec11,A,F,1,Absent,ClassSectionAttendance,0
att1143,st106,2020,sch1,8/15/2020,No,1,sec12,A,F,1,Absent,ClassSectionAttendance,0
att1144,st106,2020,sch1,8/15/2020,No,1,sec13,P,A,1,Present,ClassSectionAttendance,0
att1145,st106,2020,sch1,8/15/2020,No,1,sec14,A,F,1,Absent,ClassSectionAttendance,0
att1146,st106,2020,sch1,8/15/2020,No,1,sec15,A,F,1,Absent,ClassSectionAttendance,0
att1147,st107,2020,sch1,8/15/2020,No,1,sec1,P,B,1,Present,ClassSectionAttendance,0
att1148,st107,2020,sch1,8/15/2020,No,1,sec2,A,F,1,Absent,ClassSectionAttendance,0
att1149,st107,2020,sch1,8/15/2020,No,1,sec3,P,F,1,Present,ClassSectionAttendance,0
att1150,st107,2020,sch1,8/15/2020,No,1,sec4,P,D,1,Present,ClassSectionAttendance,0
att1151,st107,2020,sch1,8/15/2020,No,1,sec5,A,F,1,Absent,ClassSectionAttendance,0
att1152,st107,2020,sch1,8/15/2020,No,1,sec6,A,F,1,Absent,ClassSectionAttendance,0
att1153,st107,2020,sch1,8/15/2020,No,1,sec10,P,D,1,Present,ClassSectionAttendance,0
att1154,st107,2020,sch1,8/15/2020,No,1,sec11,A,F,1,Absent,ClassSectionAttendance,0
att1155,st107,2020,sch1,8/15/2020,No,1,sec12,A,F,1,Absent,ClassSectionAttendance,0
att1156,st107,2020,sch1,8/15/2020,No,1,sec13,P,A,1,Present,ClassSectionAttendance,0
att1157,st107,2020,sch1,8/15/2020,No,1,sec14,A,F,1,Absent,ClassSectionAttendance,0
att1158,st107,2020,sch1,8/15/2020,No,1,sec15,A,F,1,Absent,ClassSectionAttendance,0
att1159,st108,2020,sch1,8/15/2020,No,1,sec1,A,F,1,Absent,ClassSectionAttendance,0
att1160,st108,2020,sch1,8/15/2020,No,1,sec2,A,F,1,Absent,ClassSectionAttendance,0
att1161,st108,2020,sch1,8/15/2020,No,1,sec3,P,F,1,Present,ClassSectionAttendance,0
att1162,st108,2020,sch1,8/15/2020,No,1,sec4,A,A,1,Present,ClassSectionAttendance,0
att1163,st108,2020,sch1,8/15/2020,No,1,sec5,A,F,1,Absent,ClassSectionAttendance,0
att1164,st108,2020,sch1,8/15/2020,No,1,sec6,A,F,1,Absent,ClassSectionAttendance,0
att1165,st108,2020,sch1,8/15/2020,No,1,sec10,P,C,1,Present,ClassSectionAttendance,0
att1166,st108,2020,sch1,8/15/2020,No,1,sec11,A,F,1,Absent,ClassSectionAttendance,0
att1167,st108,2020,sch1,8/15/2020,No,1,sec12,A,F,1,Absent,ClassSectionAttendance,0
att1168,st108,2020,sch1,8/15/2020,No,1,sec13,A,F,1,Absent,ClassSectionAttendance,0
att1169,st108,2020,sch1,8/15/2020,No,1,sec14,P,F,1,Present,ClassSectionAttendance,0
att1170,st108,2020,sch1,8/15/2020,No,1,sec15,A,F,1,Absent,ClassSectionAttendance,0
att1171,st109,2020,sch1,8/15/2020,No,1,sec1,P,A,1,Present,ClassSectionAttendance,0
att1172,st109,2020,sch1,8/15/2020,No,1,sec2,A,F,1,Absent,ClassSectionAttendance,0
att1173,st109,2020,sch1,8/15/2020,No,1,sec3,P,F,1,Present,ClassSectionAttendance,0
att1174,st109,2020,sch1,8/15/2020,No,1,sec4,P,C,1,Present,ClassSectionAttendance,0
att1175,st109,2020,sch1,8/15/2020,No,1,sec5,A,F,1,Absent,ClassSectionAttendance,0
att1176,st109,2020,sch1,8/15/2020,No,1,sec6,P,F,1,Present,ClassSectionAttendance,0
att1177,st109,2020,sch1,8/15/2020,No,1,sec10,P,D,1,Present,ClassSectionAttendance,0
att1178,st109,2020,sch1,8/15/2020,No,1,sec11,A,F,1,Absent,ClassSectionAttendance,0
att1179,st109,2020,sch1,8/15/2020,No,1,sec12,A,F,1,Absent,ClassSectionAttendance,0
att1180,st109,2020,sch1,8/15/2020,No,1,sec13,A,F,1,Absent,ClassSectionAttendance,0
att1181,st109,2020,sch1,8/15/2020,No,1,sec14,A,F,1,Absent,ClassSectionAttendance,0
att1182,st109,2020,sch1,8/15/2020,No,1,sec15,P,F,1,Present,ClassSectionAttendance,0
att1183,st110,2020,sch1,8/15/2020,No,1,sec1,P,B,1,Present,ClassSectionAttendance,0
att1184,st110,2020,sch1,8/15/2020,No,1,sec2,A,F,1,Absent,ClassSectionAttendance,0
att1185,st110,2020,sch1,8/15/2020,No,1,sec3,A,F,1,Absent,ClassSectionAttendance,0
att1186,st110,2020,sch1,8/15/2020,No,1,sec4,P,C,1,Present,ClassSectionAttendance,0
att1187,st110,2020,sch1,8/15/2020,No,1,sec5,A,F,1,Absent,ClassSectionAttendance,0
att1188,st110,2020,sch1,8/15/2020,No,1,sec6,A,F,1,Absent,ClassSectionAttendance,0
att1189,st110,2020,sch1,8/15/2020,No,1,sec10,P,A,1,Present,ClassSectionAttendance,0
att1190,st110,2020,sch1,8/15/2020,No,1,sec11,A,F,1,Absent,ClassSectionAttendance,0
att1191,st110,2020,sch1,8/15/2020,No,1,sec12,A,F,1,Absent,ClassSectionAttendance,0
att1192,st110,2020,sch1,8/15/2020,No,1,sec13,P,A,1,Present,ClassSectionAttendance,0
att1193,st110,2020,sch1,8/15/2020,No,1,sec14,A,F,1,Absent,ClassSectionAttendance,0
att1194,st110,2020,sch1,8/15/2020,No,1,sec15,A,F,1,Absent,ClassSectionAttendance,0
att1195,st111,2020,sch1,8/15/2020,No,1,sec1,P,A,1,Present,ClassSectionAttendance,0
att1196,st111,2020,sch1,8/15/2020,No,1,sec2,A,F,1,Absent,ClassSectionAttendance,0
att1197,st111,2020,sch1,8/15/2020,No,1,sec3,A,F,1,Absent,ClassSectionAttendance,0
att1198,st111,2020,sch1,8/15/2020,No,1,sec4,P,B,1,Present,ClassSectionAttendance,0
att1199,st111,2020,sch1,8/15/2020,No,1,sec5,A,F,1,Absent,ClassSectionAttendance,0
att1200,st111,2020,sch1,8/15/2020,No,1,sec6,A,F,1,Absent,ClassSectionAttendance,0
att1201,st111,2020,sch1,8/15/2020,No,1,sec10,P,A,1,Present,ClassSectionAttendance,0
att1202,st111,2020,sch1,8/15/2020,No,1,sec11,A,F,1,Absent,ClassSectionAttendance,0
att1203,st111,2020,sch1,8/15/2020,No,1,sec12,A,F,1,Absent,ClassSectionAttendance,0
att1204,st111,2020,sch1,8/15/2020,No,1,sec13,P,D,1,Present,ClassSectionAttendance,0
att1205,st111,2020,sch1,8/15/2020,No,1,sec14,A,F,1,Absent,ClassSectionAttendance,0
att1206,st111,2020,sch1,8/15/2020,No,1,sec15,A,F,1,Absent,ClassSectionAttendance,0
att1207,st112,2020,sch1,8/15/2020,No,1,sec1,P,A,1,Present,ClassSectionAttendance,0
att1208,st112,2020,sch1,8/15/2020,No,1,sec2,A,F,1,Absent,ClassSectionAttendance,0
att1209,st112,2020,sch1,8/15/2020,No,1,sec3,A,F,1,Absent,ClassSectionAttendance,0
att1210,st112,2020,sch1,8/15/2020,No,1,sec4,A,F,1,Absent,ClassSectionAttendance,0
att1211,st112,2020,sch1,8/15/2020,No,1,sec5,A,F,1,Absent,ClassSectionAttendance,0
att1212,st112,2020,sch1,8/15/2020,No,1,sec6,A,F,1,Absent,ClassSectionAttendance,0
att1213,st112,2020,sch1,8/15/2020,No,1,sec10,P,A,1,Present,ClassSectionAttendance,0
att1214,st112,2020,sch1,8/15/2020,No,1,sec11,P,F,1,Present,ClassSectionAttendance,0
att1215,st112,2020,sch1,8/15/2020,No,1,sec12,P,F,1,Present,ClassSectionAttendance,0
att1216,st112,2020,sch1,8/15/2020,No,1,sec13,P,A,1,Present,ClassSectionAttendance,0
att1217,st112,2020,sch1,8/15/2020,No,1,sec14,A,F,1,Absent,ClassSectionAttendance,0
att1218,st112,2020,sch1,8/15/2020,No,1,sec15,A,F,1,Absent,ClassSectionAttendance,0
att1219,st113,2020,sch1,8/15/2020,No,1,sec1,P,D,1,Present,ClassSectionAttendance,0
att1220,st113,2020,sch1,8/15/2020,No,1,sec2,A,F,1,Absent,ClassSectionAttendance,0
att1221,st113,2020,sch1,8/15/2020,No,1,sec3,A,F,1,Absent,ClassSectionAttendance,0
att1222,st113,2020,sch1,8/15/2020,No,1,sec4,P,A,1,Present,ClassSectionAttendance,0
att1223,st113,2020,sch1,8/15/2020,No,1,sec5,A,F,1,Absent,ClassSectionAttendance,0
att1224,st113,2020,sch1,8/15/2020,No,1,sec6,A,F,1,Absent,ClassSectionAttendance,0
att1225,st113,2020,sch1,8/15/2020,No,1,sec10,P,A,1,Present,ClassSectionAttendance,0
att1226,st113,2020,sch1,8/15/2020,No,1,sec11,A,F,1,Absent,ClassSectionAttendance,0
att1227,st113,2020,sch1,8/15/2020,No,1,sec12,A,F,1,Absent,ClassSectionAttendance,0
att1228,st113,2020,sch1,8/15/2020,No,1,sec13,P,D,1,Present,ClassSectionAttendance,0
att1229,st113,2020,sch1,8/15/2020,No,1,sec14,A,F,1,Absent,ClassSectionAttendance,0
att1230,st113,2020,sch1,8/15/2020,No,1,sec15,A,F,1,Absent,ClassSectionAttendance,0
att1231,st114,2020,sch1,8/15/2020,No,1,sec1,P,D,1,Present,ClassSectionAttendance,0
att1232,st114,2020,sch1,8/15/2020,No,1,sec2,A,F,1,Absent,ClassSectionAttendance,0
att1233,st114,2020,sch1,8/15/2020,No,1,sec3,A,F,1,Absent,ClassSectionAttendance,0
att1234,st114,2020,sch1,8/15/2020,No,1,sec4,P,A,1,Present,ClassSectionAttendance,0
att1235,st114,2020,sch1,8/15/2020,No,1,sec5,A,F,1,Absent,ClassSectionAttendance,0
att1236,st114,2020,sch1,8/15/2020,No,1,sec6,A,F,1,Absent,ClassSectionAttendance,0
att1237,st114,2020,sch1,8/15/2020,No,1,sec10,P,B,1,Present,ClassSectionAttendance,0
att1238,st114,2020,sch1,8/15/2020,No,1,sec11,A,F,1,Absent,ClassSectionAttendance,0
att1239,st114,2020,sch1,8/15/2020,No,1,sec12,A,F,1,Absent,ClassSectionAttendance,0
att1240,st114,2020,sch1,8/15/2020,No,1,sec13,P,A,1,Present,ClassSectionAttendance,0
att1241,st114,2020,sch1,8/15/2020,No,1,sec14,A,F,1,Absent,ClassSectionAttendance,0
att1242,st114,2020,sch1,8/15/2020,No,1,sec15,A,F,1,Absent,ClassSectionAttendance,0
att1243,st115,2020,sch1,8/15/2020,No,1,sec1,P,C,1,Present,ClassSectionAttendance,0
att1244,st115,2020,sch1,8/15/2020,No,1,sec2,A,F,1,Absent,ClassSectionAttendance,0
att1245,st115,2020,sch1,8/15/2020,No,1,sec3,A,F,1,Absent,ClassSectionAttendance,0
att1246,st115,2020,sch1,8/15/2020,No,1,sec4,P,A,1,Present,ClassSectionAttendance,0
att1247,st115,2020,sch1,8/15/2020,No,1,sec5,A,F,1,Absent,ClassSectionAttendance,0
att1248,st115,2020,sch1,8/15/2020,No,1,sec6,A,F,1,Absent,ClassSectionAttendance,0
att1249,st115,2020,sch1,8/15/2020,No,1,sec10,P,A,1,Present,ClassSectionAttendance,0
att1250,st115,2020,sch1,8/15/2020,No,1,sec11,A,F,1,Absent,ClassSectionAttendance,0
att1251,st115,2020,sch1,8/15/2020,No,1,sec12,A,F,1,Absent,ClassSectionAttendance,0
att1252,st115,2020,sch1,8/15/2020,No,1,sec13,P,A,1,Present,ClassSectionAttendance,0
att1253,st115,2020,sch1,8/15/2020,No,1,sec14,A,F,1,Absent,ClassSectionAttendance,0
att1254,st115,2020,sch1,8/15/2020,No,1,sec15,A,F,1,Absent,ClassSectionAttendance,0
att1255,st116,2020,sch1,8/15/2020,No,1,sec7,P,A,1,Present,ClassSectionAttendance,0
att1256,st116,2020,sch1,8/15/2020,No,1,sec8,A,F,1,Absent,ClassSectionAttendance,0
att1257,st116,2020,sch1,8/15/2020,No,1,sec9,A,F,1,Absent,ClassSectionAttendance,0
att1258,st116,2020,sch1,8/15/2020,No,1,sec16,A,F,1,Absent,ClassSectionAttendance,0
att1259,st116,2020,sch1,8/15/2020,No,1,sec17,A,F,1,Absent,ClassSectionAttendance,0
att1260,st116,2020,sch1,8/15/2020,No,1,sec18,A,F,1,Absent,ClassSectionAttendance,0
att1261,st117,2020,sch1,8/15/2020,No,1,sec7,P,A,1,Present,ClassSectionAttendance,0
att1262,st117,2020,sch1,8/15/2020,No,1,sec8,P,F,1,Present,ClassSectionAttendance,0
att1263,st117,2020,sch1,8/15/2020,No,1,sec9,A,F,1,Absent,ClassSectionAttendance,0
att1264,st117,2020,sch1,8/15/2020,No,1,sec16,P,A,1,Present,ClassSectionAttendance,0
att1265,st117,2020,sch1,8/15/2020,No,1,sec17,A,F,1,Absent,ClassSectionAttendance,0
att1266,st117,2020,sch1,8/15/2020,No,1,sec18,A,F,1,Absent,ClassSectionAttendance,0
att1267,st118,2020,sch1,8/15/2020,No,1,sec7,P,A,1,Present,ClassSectionAttendance,0
att1268,st118,2020,sch1,8/15/2020,No,1,sec8,A,F,1,Absent,ClassSectionAttendance,0
att1269,st118,2020,sch1,8/15/2020,No,1,sec9,A,F,1,Absent,ClassSectionAttendance,0
att1270,st118,2020,sch1,8/15/2020,No,1,sec16,P,C,1,Present,ClassSectionAttendance,0
att1271,st118,2020,sch1,8/15/2020,No,1,sec17,A,F,1,Absent,ClassSectionAttendance,0
att1272,st118,2020,sch1,8/15/2020,No,1,sec18,A,F,1,Absent,ClassSectionAttendance,0
att1273,st119,2020,sch1,8/15/2020,No,1,sec7,P,A,1,Present,ClassSectionAttendance,0
att1274,st119,2020,sch1,8/15/2020,No,1,sec8,A,F,1,Absent,ClassSectionAttendance,0
att1275,st119,2020,sch1,8/15/2020,No,1,sec9,A,F,1,Absent,ClassSectionAttendance,0
att1276,st119,2020,sch1,8/15/2020,No,1,sec16,P,D,1,Present,ClassSectionAttendance,0
att1277,st119,2020,sch1,8/15/2020,No,1,sec17,A,F,1,Absent,ClassSectionAttendance,0
att1278,st119,2020,sch1,8/15/2020,No,1,sec18,A,F,1,Absent,ClassSectionAttendance,0
att1279,st120,2020,sch1,8/15/2020,No,1,sec7,P,A,1,Present,ClassSectionAttendance,0
att1280,st120,2020,sch1,8/15/2020,No,1,sec8,A,F,1,Absent,ClassSectionAttendance,0
att1281,st120,2020,sch1,8/15/2020,No,1,sec9,A,F,1,Absent,ClassSectionAttendance,0
att1282,st120,2020,sch1,8/15/2020,No,1,sec16,P,A,1,Present,ClassSectionAttendance,0
att1283,st120,2020,sch1,8/15/2020,No,1,sec17,A,F,1,Absent,ClassSectionAttendance,0
att1284,st120,2020,sch1,8/15/2020,No,1,sec18,A,F,1,Absent,ClassSectionAttendance,0
att1285,st121,2020,sch2,8/15/2020,No,1,sec19,P,A,1,Present,ClassSectionAttendance,0
att1286,st121,2020,sch2,8/15/2020,No,1,sec20,P,F,1,Present,ClassSectionAttendance,0
att1287,st121,2020,sch2,8/15/2020,No,1,sec21,A,F,1,Absent,ClassSectionAttendance,0
att1288,st121,2020,sch2,8/15/2020,No,1,sec22,P,A,1,Present,ClassSectionAttendance,0
att1289,st121,2020,sch2,8/15/2020,No,1,sec23,A,F,1,Absent,ClassSectionAttendance,0
att1290,st121,2020,sch2,8/15/2020,No,1,sec24,A,F,1,Absent,ClassSectionAttendance,0
att1291,st121,2020,sch2,8/15/2020,No,1,sec28,P,A,1,Present,ClassSectionAttendance,0
att1292,st121,2020,sch2,8/15/2020,No,1,sec29,A,F,1,Absent,ClassSectionAttendance,0
att1293,st121,2020,sch2,8/15/2020,No,1,sec30,A,F,1,Absent,ClassSectionAttendance,0
att1294,st121,2020,sch2,8/15/2020,No,1,sec31,P,A,1,Present,ClassSectionAttendance,0
att1295,st121,2020,sch2,8/15/2020,No,1,sec32,A,F,1,Absent,ClassSectionAttendance,0
att1296,st121,2020,sch2,8/15/2020,No,1,sec33,P,F,1,Present,ClassSectionAttendance,0
att1297,st122,2020,sch2,8/15/2020,No,1,sec19,P,A,1,Present,ClassSectionAttendance,0
att1298,st122,2020,sch2,8/15/2020,No,1,sec20,A,F,1,Absent,ClassSectionAttendance,0
att1299,st122,2020,sch2,8/15/2020,No,1,sec21,P,F,1,Present,ClassSectionAttendance,0
att1300,st122,2020,sch2,8/15/2020,No,1,sec22,P,A,1,Present,ClassSectionAttendance,0
att1301,st122,2020,sch2,8/15/2020,No,1,sec23,A,F,1,Absent,ClassSectionAttendance,0
att1302,st122,2020,sch2,8/15/2020,No,1,sec24,P,D,1,Present,ClassSectionAttendance,0
att1303,st122,2020,sch2,8/15/2020,No,1,sec28,P,A,1,Present,ClassSectionAttendance,0
att1304,st122,2020,sch2,8/15/2020,No,1,sec29,A,F,1,Absent,ClassSectionAttendance,0
att1305,st122,2020,sch2,8/15/2020,No,1,sec30,P,F,1,Present,ClassSectionAttendance,0
att1306,st122,2020,sch2,8/15/2020,No,1,sec31,P,D,1,Present,ClassSectionAttendance,0
att1307,st122,2020,sch2,8/15/2020,No,1,sec32,A,F,1,Absent,ClassSectionAttendance,0
att1308,st122,2020,sch2,8/15/2020,No,1,sec33,P,D,1,Present,ClassSectionAttendance,0
att1309,st123,2020,sch2,8/15/2020,No,1,sec19,A,F,1,Absent,ClassSectionAttendance,0
att1310,st123,2020,sch2,8/15/2020,No,1,sec20,A,F,1,Absent,ClassSectionAttendance,0
att1311,st123,2020,sch2,8/15/2020,No,1,sec21,A,F,1,Absent,ClassSectionAttendance,0
att1312,st123,2020,sch2,8/15/2020,No,1,sec22,P,C,1,Present,ClassSectionAttendance,0
att1313,st123,2020,sch2,8/15/2020,No,1,sec23,P,F,1,Present,ClassSectionAttendance,0
att1314,st123,2020,sch2,8/15/2020,No,1,sec24,A,F,1,Absent,ClassSectionAttendance,0
att1315,st123,2020,sch2,8/15/2020,No,1,sec28,P,D,1,Present,ClassSectionAttendance,0
att1316,st123,2020,sch2,8/15/2020,No,1,sec29,A,F,1,Absent,ClassSectionAttendance,0
att1317,st123,2020,sch2,8/15/2020,No,1,sec30,P,D,1,Present,ClassSectionAttendance,0
att1318,st123,2020,sch2,8/15/2020,No,1,sec31,P,D,1,Present,ClassSectionAttendance,0
att1319,st123,2020,sch2,8/15/2020,No,1,sec32,A,F,1,Absent,ClassSectionAttendance,0
att1320,st123,2020,sch2,8/15/2020,No,1,sec33,P,D,1,Present,ClassSectionAttendance,0
att1321,st124,2020,sch2,8/15/2020,No,1,sec19,P,B,1,Present,ClassSectionAttendance,0
att1322,st124,2020,sch2,8/15/2020,No,1,sec20,A,F,1,Absent,ClassSectionAttendance,0
att1323,st124,2020,sch2,8/15/2020,No,1,sec21,A,F,1,Absent,ClassSectionAttendance,0
att1324,st124,2020,sch2,8/15/2020,No,1,sec22,P,C,1,Present,ClassSectionAttendance,0
att1325,st124,2020,sch2,8/15/2020,No,1,sec23,A,F,1,Absent,ClassSectionAttendance,0
att1326,st124,2020,sch2,8/15/2020,No,1,sec24,A,F,1,Absent,ClassSectionAttendance,0
att1327,st124,2020,sch2,8/15/2020,No,1,sec28,P,F,1,Present,ClassSectionAttendance,0
att1328,st124,2020,sch2,8/15/2020,No,1,sec29,A,F,1,Absent,ClassSectionAttendance,0
att1329,st124,2020,sch2,8/15/2020,No,1,sec30,A,F,1,Absent,ClassSectionAttendance,0
att1330,st124,2020,sch2,8/15/2020,No,1,sec31,P,D,1,Present,ClassSectionAttendance,0
att1331,st124,2020,sch2,8/15/2020,No,1,sec32,A,F,1,Absent,ClassSectionAttendance,0
att1332,st124,2020,sch2,8/15/2020,No,1,sec33,A,F,1,Absent,ClassSectionAttendance,0
att1333,st125,2020,sch2,8/15/2020,No,1,sec19,P,B,1,Present,ClassSectionAttendance,0
att1334,st125,2020,sch2,8/15/2020,No,1,sec20,A,F,1,Absent,ClassSectionAttendance,0
att1335,st125,2020,sch2,8/15/2020,No,1,sec21,A,F,1,Absent,ClassSectionAttendance,0
att1336,st125,2020,sch2,8/15/2020,No,1,sec22,P,D,1,Present,ClassSectionAttendance,0
att1337,st125,2020,sch2,8/15/2020,No,1,sec23,A,F,1,Absent,ClassSectionAttendance,0
att1338,st125,2020,sch2,8/15/2020,No,1,sec24,P,D,1,Present,ClassSectionAttendance,0
att1339,st125,2020,sch2,8/15/2020,No,1,sec28,P,B,1,Present,ClassSectionAttendance,0
att1340,st125,2020,sch2,8/15/2020,No,1,sec29,A,F,1,Absent,ClassSectionAttendance,0
att1341,st125,2020,sch2,8/15/2020,No,1,sec30,A,F,1,Absent,ClassSectionAttendance,0
att1342,st125,2020,sch2,8/15/2020,No,1,sec31,P,D,1,Present,ClassSectionAttendance,0
att1343,st125,2020,sch2,8/15/2020,No,1,sec32,A,F,1,Absent,ClassSectionAttendance,0
att1344,st125,2020,sch2,8/15/2020,No,1,sec33,A,F,1,Absent,ClassSectionAttendance,0
att1345,st126,2020,sch2,8/15/2020,No,1,sec19,P,D,1,Present,ClassSectionAttendance,0
att1346,st126,2020,sch2,8/15/2020,No,1,sec20,P,D,1,Present,ClassSectionAttendance,0
att1347,st126,2020,sch2,8/15/2020,No,1,sec21,P,F,1,Present,ClassSectionAttendance,0
att1348,st126,2020,sch2,8/15/2020,No,1,sec22,P,C,1,Present,ClassSectionAttendance,0
att1349,st126,2020,sch2,8/15/2020,No,1,sec23,A,F,1,Absent,ClassSectionAttendance,0
att1350,st126,2020,sch2,8/15/2020,No,1,sec24,A,F,1,Absent,ClassSectionAttendance,0
att1351,st126,2020,sch2,8/15/2020,No,1,sec28,P,A,1,Present,ClassSectionAttendance,0
att1352,st126,2020,sch2,8/15/2020,No,1,sec29,P,D,1,Present,ClassSectionAttendance,0
att1353,st126,2020,sch2,8/15/2020,No,1,sec30,A,F,1,Absent,ClassSectionAttendance,0
att1354,st126,2020,sch2,8/15/2020,No,1,sec31,P,B,1,Present,ClassSectionAttendance,0
att1355,st126,2020,sch2,8/15/2020,No,1,sec32,P,D,1,Present,ClassSectionAttendance,0
att1356,st126,2020,sch2,8/15/2020,No,1,sec33,A,F,1,Absent,ClassSectionAttendance,0
att1357,st127,2020,sch2,8/15/2020,No,1,sec19,P,B,1,Present,ClassSectionAttendance,0
att1358,st127,2020,sch2,8/15/2020,No,1,sec20,P,F,1,Present,ClassSectionAttendance,0
att1359,st127,2020,sch2,8/15/2020,No,1,sec21,A,F,1,Absent,ClassSectionAttendance,0
att1360,st127,2020,sch2,8/15/2020,No,1,sec22,P,C,1,Present,ClassSectionAttendance,0
att1361,st127,2020,sch2,8/15/2020,No,1,sec23,P,D,1,Present,ClassSectionAttendance,0
att1362,st127,2020,sch2,8/15/2020,No,1,sec24,P,D,1,Present,ClassSectionAttendance,0
att1363,st127,2020,sch2,8/15/2020,No,1,sec28,P,D,1,Present,ClassSectionAttendance,0
att1364,st127,2020,sch2,8/15/2020,No,1,sec29,A,F,1,Absent,ClassSectionAttendance,0
att1365,st127,2020,sch2,8/15/2020,No,1,sec30,A,F,1,Absent,ClassSectionAttendance,0
att1366,st127,2020,sch2,8/15/2020,No,1,sec31,P,A,1,Present,ClassSectionAttendance,0
att1367,st127,2020,sch2,8/15/2020,No,1,sec32,A,F,1,Absent,ClassSectionAttendance,0
att1368,st127,2020,sch2,8/15/2020,No,1,sec33,A,F,1,Absent,ClassSectionAttendance,0
att1369,st128,2020,sch2,8/15/2020,No,1,sec19,P,C,1,Present,ClassSectionAttendance,0
att1370,st128,2020,sch2,8/15/2020,No,1,sec20,P,D,1,Present,ClassSectionAttendance,0
att1371,st128,2020,sch2,8/15/2020,No,1,sec21,P,D,1,Present,ClassSectionAttendance,0
att1372,st128,2020,sch2,8/15/2020,No,1,sec22,P,A,1,Present,ClassSectionAttendance,0
att1373,st128,2020,sch2,8/15/2020,No,1,sec23,A,F,1,Absent,ClassSectionAttendance,0
att1374,st128,2020,sch2,8/15/2020,No,1,sec24,P,D,1,Present,ClassSectionAttendance,0
att1375,st128,2020,sch2,8/15/2020,No,1,sec28,P,A,1,Present,ClassSectionAttendance,0
att1376,st128,2020,sch2,8/15/2020,No,1,sec29,A,F,1,Absent,ClassSectionAttendance,0
att1377,st128,2020,sch2,8/15/2020,No,1,sec30,A,F,1,Absent,ClassSectionAttendance,0
att1378,st128,2020,sch2,8/15/2020,No,1,sec31,P,C,1,Present,ClassSectionAttendance,0
att1379,st128,2020,sch2,8/15/2020,No,1,sec32,A,F,1,Absent,ClassSectionAttendance,0
att1380,st128,2020,sch2,8/15/2020,No,1,sec33,P,D,1,Present,ClassSectionAttendance,0
att1381,st129,2020,sch2,8/15/2020,No,1,sec19,P,A,1,Present,ClassSectionAttendance,0
att1382,st129,2020,sch2,8/15/2020,No,1,sec20,A,F,1,Absent,ClassSectionAttendance,0
att1383,st129,2020,sch2,8/15/2020,No,1,sec21,A,F,1,Absent,ClassSectionAttendance,0
att1384,st129,2020,sch2,8/15/2020,No,1,sec22,P,A,1,Present,ClassSectionAttendance,0
att1385,st129,2020,sch2,8/15/2020,No,1,sec23,P,D,1,Present,ClassSectionAttendance,0
att1386,st129,2020,sch2,8/15/2020,No,1,sec24,P,D,1,Present,ClassSectionAttendance,0
att1387,st129,2020,sch2,8/15/2020,No,1,sec28,P,C,1,Present,ClassSectionAttendance,0
att1388,st129,2020,sch2,8/15/2020,No,1,sec29,A,F,1,Absent,ClassSectionAttendance,0
att1389,st129,2020,sch2,8/15/2020,No,1,sec30,A,F,1,Absent,ClassSectionAttendance,0
att1390,st129,2020,sch2,8/15/2020,No,1,sec31,P,A,1,Present,ClassSectionAttendance,0
att1391,st129,2020,sch2,8/15/2020,No,1,sec32,A,F,1,Absent,ClassSectionAttendance,0
att1392,st129,2020,sch2,8/15/2020,No,1,sec33,P,D,1,Present,ClassSectionAttendance,0
att1393,st130,2020,sch2,8/15/2020,No,1,sec19,P,D,1,Present,ClassSectionAttendance,0
att1394,st130,2020,sch2,8/15/2020,No,1,sec20,A,F,1,Absent,ClassSectionAttendance,0
att1395,st130,2020,sch2,8/15/2020,No,1,sec21,P,D,1,Present,ClassSectionAttendance,0
att1396,st130,2020,sch2,8/15/2020,No,1,sec22,P,A,1,Present,ClassSectionAttendance,0
att1397,st130,2020,sch2,8/15/2020,No,1,sec23,P,D,1,Present,ClassSectionAttendance,0
att1398,st130,2020,sch2,8/15/2020,No,1,sec24,A,F,1,Absent,ClassSectionAttendance,0
att1399,st130,2020,sch2,8/15/2020,No,1,sec28,P,C,1,Present,ClassSectionAttendance,0
att1400,st130,2020,sch2,8/15/2020,No,1,sec29,A,F,1,Absent,ClassSectionAttendance,0
att1401,st130,2020,sch2,8/15/2020,No,1,sec30,A,F,1,Absent,ClassSectionAttendance,0
att1402,st130,2020,sch2,8/15/2020,No,1,sec31,P,C,1,Present,ClassSectionAttendance,0
att1403,st130,2020,sch2,8/15/2020,No,1,sec32,A,F,1,Absent,ClassSectionAttendance,0
att1404,st130,2020,sch2,8/15/2020,No,1,sec33,A,F,1,Absent,ClassSectionAttendance,0
att1405,st131,2020,sch2,8/15/2020,No,1,sec19,P,A,1,Present,ClassSectionAttendance,0
att1406,st131,2020,sch2,8/15/2020,No,1,sec20,P,D,1,Present,ClassSectionAttendance,0
att1407,st131,2020,sch2,8/15/2020,No,1,sec21,P,F,1,Present,ClassSectionAttendance,0
att1408,st131,2020,sch2,8/15/2020,No,1,sec22,P,C,1,Present,ClassSectionAttendance,0
att1409,st131,2020,sch2,8/15/2020,No,1,sec23,A,F,1,Absent,ClassSectionAttendance,0
att1410,st131,2020,sch2,8/15/2020,No,1,sec24,A,F,1,Absent,ClassSectionAttendance,0
att1411,st131,2020,sch2,8/15/2020,No,1,sec28,P,B,1,Present,ClassSectionAttendance,0
att1412,st131,2020,sch2,8/15/2020,No,1,sec29,A,F,1,Absent,ClassSectionAttendance,0
att1413,st131,2020,sch2,8/15/2020,No,1,sec30,P,D,1,Present,ClassSectionAttendance,0
att1414,st131,2020,sch2,8/15/2020,No,1,sec31,P,A,1,Present,ClassSectionAttendance,0
att1415,st131,2020,sch2,8/15/2020,No,1,sec32,A,F,1,Absent,ClassSectionAttendance,0
att1416,st131,2020,sch2,8/15/2020,No,1,sec33,P,F,1,Present,ClassSectionAttendance,0
att1417,st132,2020,sch2,8/15/2020,No,1,sec19,P,A,1,Present,ClassSectionAttendance,0
att1418,st132,2020,sch2,8/15/2020,No,1,sec20,P,D,1,Present,ClassSectionAttendance,0
att1419,st132,2020,sch2,8/15/2020,No,1,sec21,A,F,1,Absent,ClassSectionAttendance,0
att1420,st132,2020,sch2,8/15/2020,No,1,sec22,P,B,1,Present,ClassSectionAttendance,0
att1421,st132,2020,sch2,8/15/2020,No,1,sec23,A,F,1,Absent,ClassSectionAttendance,0
att1422,st132,2020,sch2,8/15/2020,No,1,sec24,A,F,1,Absent,ClassSectionAttendance,0
att1423,st132,2020,sch2,8/15/2020,No,1,sec28,P,C,1,Present,ClassSectionAttendance,0
att1424,st132,2020,sch2,8/15/2020,No,1,sec29,A,F,1,Absent,ClassSectionAttendance,0
att1425,st132,2020,sch2,8/15/2020,No,1,sec30,A,F,1,Absent,ClassSectionAttendance,0
att1426,st132,2020,sch2,8/15/2020,No,1,sec31,P,D,1,Present,ClassSectionAttendance,0
att1427,st132,2020,sch2,8/15/2020,No,1,sec32,A,F,1,Absent,ClassSectionAttendance,0
att1428,st132,2020,sch2,8/15/2020,No,1,sec33,A,F,1,Absent,ClassSectionAttendance,0
att1429,st133,2020,sch2,8/15/2020,No,1,sec19,P,D,1,Present,ClassSectionAttendance,0
att1430,st133,2020,sch2,8/15/2020,No,1,sec20,P,D,1,Present,ClassSectionAttendance,0
att1431,st133,2020,sch2,8/15/2020,No,1,sec21,A,F,1,Absent,ClassSectionAttendance,0
att1432,st133,2020,sch2,8/15/2020,No,1,sec22,A,F,1,Absent,ClassSectionAttendance,0
att1433,st133,2020,sch2,8/15/2020,No,1,sec23,A,F,1,Absent,ClassSectionAttendance,0
att1434,st133,2020,sch2,8/15/2020,No,1,sec24,A,F,1,Absent,ClassSectionAttendance,0
att1435,st133,2020,sch2,8/15/2020,No,1,sec28,P,A,1,Present,ClassSectionAttendance,0
att1436,st133,2020,sch2,8/15/2020,No,1,sec29,P,F,1,Present,ClassSectionAttendance,0
att1437,st133,2020,sch2,8/15/2020,No,1,sec30,P,D,1,Present,ClassSectionAttendance,0
att1438,st133,2020,sch2,8/15/2020,No,1,sec31,P,A,1,Present,ClassSectionAttendance,0
att1439,st133,2020,sch2,8/15/2020,No,1,sec32,A,F,1,Absent,ClassSectionAttendance,0
att1440,st133,2020,sch2,8/15/2020,No,1,sec33,A,F,1,Absent,ClassSectionAttendance,0
att1441,st134,2020,sch2,8/15/2020,No,1,sec19,P,D,1,Present,ClassSectionAttendance,0
att1442,st134,2020,sch2,8/15/2020,No,1,sec20,P,D,1,Present,ClassSectionAttendance,0
att1443,st134,2020,sch2,8/15/2020,No,1,sec21,A,F,1,Absent,ClassSectionAttendance,0
att1444,st134,2020,sch2,8/15/2020,No,1,sec22,P,A,1,Present,ClassSectionAttendance,0
att1445,st134,2020,sch2,8/15/2020,No,1,sec23,A,F,1,Absent,ClassSectionAttendance,0
att1446,st134,2020,sch2,8/15/2020,No,1,sec24,P,D,1,Present,ClassSectionAttendance,0
att1447,st134,2020,sch2,8/15/2020,No,1,sec28,P,B,1,Present,ClassSectionAttendance,0
att1448,st134,2020,sch2,8/15/2020,No,1,sec29,A,F,1,Absent,ClassSectionAttendance,0
att1449,st134,2020,sch2,8/15/2020,No,1,sec30,A,F,1,Absent,ClassSectionAttendance,0
att1450,st134,2020,sch2,8/15/2020,No,1,sec31,A,F,1,Absent,ClassSectionAttendance,0
att1451,st134,2020,sch2,8/15/2020,No,1,sec32,A,F,1,Absent,ClassSectionAttendance,0
att1452,st134,2020,sch2,8/15/2020,No,1,sec33,A,F,1,Absent,ClassSectionAttendance,0
att1453,st135,2020,sch2,8/15/2020,No,1,sec19,P,B,1,Present,ClassSectionAttendance,0
att1454,st135,2020,sch2,8/15/2020,No,1,sec20,P,D,1,Present,ClassSectionAttendance,0
att1455,st135,2020,sch2,8/15/2020,No,1,sec21,A,F,1,Absent,ClassSectionAttendance,0
att1456,st135,2020,sch2,8/15/2020,No,1,sec22,P,C,1,Present,ClassSectionAttendance,0
att1457,st135,2020,sch2,8/15/2020,No,1,sec23,A,F,1,Absent,ClassSectionAttendance,0
att1458,st135,2020,sch2,8/15/2020,No,1,sec24,P,D,1,Present,ClassSectionAttendance,0
att1459,st135,2020,sch2,8/15/2020,No,1,sec28,P,A,1,Present,ClassSectionAttendance,0
att1460,st135,2020,sch2,8/15/2020,No,1,sec29,A,F,1,Absent,ClassSectionAttendance,0
att1461,st135,2020,sch2,8/15/2020,No,1,sec30,A,F,1,Absent,ClassSectionAttendance,0
att1462,st135,2020,sch2,8/15/2020,No,1,sec31,P,D,1,Present,ClassSectionAttendance,0
att1463,st135,2020,sch2,8/15/2020,No,1,sec32,A,F,1,Absent,ClassSectionAttendance,0
att1464,st135,2020,sch2,8/15/2020,No,1,sec33,A,F,1,Absent,ClassSectionAttendance,0
att1465,st136,2020,sch2,8/15/2020,No,1,sec25,A,A,1,Present,ClassSectionAttendance,0
att1466,st136,2020,sch2,8/15/2020,No,1,sec26,A,F,1,Absent,ClassSectionAttendance,0
att1467,st136,2020,sch2,8/15/2020,No,1,sec27,A,F,1,Absent,ClassSectionAttendance,0
att1468,st136,2020,sch2,8/15/2020,No,1,sec34,P,C,1,Present,ClassSectionAttendance,0
att1469,st136,2020,sch2,8/15/2020,No,1,sec35,A,F,1,Absent,ClassSectionAttendance,0
att1470,st136,2020,sch2,8/15/2020,No,1,sec36,A,F,1,Absent,ClassSectionAttendance,0
att1471,st137,2020,sch2,8/15/2020,No,1,sec25,P,C,1,Present,ClassSectionAttendance,0
att1472,st137,2020,sch2,8/15/2020,No,1,sec26,P,D,1,Present,ClassSectionAttendance,0
att1473,st137,2020,sch2,8/15/2020,No,1,sec27,P,D,1,Present,ClassSectionAttendance,0
att1474,st137,2020,sch2,8/15/2020,No,1,sec34,P,B,1,Present,ClassSectionAttendance,0
att1475,st137,2020,sch2,8/15/2020,No,1,sec35,A,F,1,Absent,ClassSectionAttendance,0
att1476,st137,2020,sch2,8/15/2020,No,1,sec36,P,D,1,Present,ClassSectionAttendance,0
att1477,st138,2020,sch2,8/15/2020,No,1,sec25,P,A,1,Present,ClassSectionAttendance,0
att1478,st138,2020,sch2,8/15/2020,No,1,sec26,A,F,1,Absent,ClassSectionAttendance,0
att1479,st138,2020,sch2,8/15/2020,No,1,sec27,A,F,1,Absent,ClassSectionAttendance,0
att1480,st138,2020,sch2,8/15/2020,No,1,sec34,P,A,1,Present,ClassSectionAttendance,0
att1481,st138,2020,sch2,8/15/2020,No,1,sec35,A,F,1,Absent,ClassSectionAttendance,0
att1482,st138,2020,sch2,8/15/2020,No,1,sec36,A,F,1,Absent,ClassSectionAttendance,0
att1483,st139,2020,sch2,8/15/2020,No,1,sec25,P,C,1,Present,ClassSectionAttendance,0
att1484,st139,2020,sch2,8/15/2020,No,1,sec26,P,D,1,Present,ClassSectionAttendance,0
att1485,st139,2020,sch2,8/15/2020,No,1,sec27,P,D,1,Present,ClassSectionAttendance,0
att1486,st139,2020,sch2,8/15/2020,No,1,sec34,P,A,1,Present,ClassSectionAttendance,0
att1487,st139,2020,sch2,8/15/2020,No,1,sec35,A,F,1,Absent,ClassSectionAttendance,0
att1488,st139,2020,sch2,8/15/2020,No,1,sec36,A,F,1,Absent,ClassSectionAttendance,0
att1489,st140,2020,sch2,8/15/2020,No,1,sec25,P,A,1,Present,ClassSectionAttendance,0
att1490,st140,2020,sch2,8/15/2020,No,1,sec26,A,F,1,Absent,ClassSectionAttendance,0
att1491,st140,2020,sch2,8/15/2020,No,1,sec27,A,F,1,Absent,ClassSectionAttendance,0
att1492,st140,2020,sch2,8/15/2020,No,1,sec34,P,C,1,Present,ClassSectionAttendance,0
att1493,st140,2020,sch2,8/15/2020,No,1,sec35,A,F,1,Absent,ClassSectionAttendance,0
att1494,st140,2020,sch2,8/15/2020,No,1,sec36,A,F,1,Absent,ClassSectionAttendance,0
att1495,st141,2020,sch3,8/15/2020,No,1,sec37,P,B,1,Present,ClassSectionAttendance,0
att1496,st141,2020,sch3,8/15/2020,No,1,sec38,A,F,1,Absent,ClassSectionAttendance,0
att1497,st141,2020,sch3,8/15/2020,No,1,sec39,P,D,1,Present,ClassSectionAttendance,0
att1498,st141,2020,sch3,8/15/2020,No,1,sec40,P,B,1,Present,ClassSectionAttendance,0
att1499,st141,2020,sch3,8/15/2020,No,1,sec41,A,F,1,Absent,ClassSectionAttendance,0
att1500,st141,2020,sch3,8/15/2020,No,1,sec42,A,F,1,Absent,ClassSectionAttendance,0
att1501,st141,2020,sch3,8/15/2020,No,1,sec46,P,A,1,Present,ClassSectionAttendance,0
att1502,st141,2020,sch3,8/15/2020,No,1,sec47,P,D,1,Present,ClassSectionAttendance,0
att1503,st141,2020,sch3,8/15/2020,No,1,sec48,A,F,1,Absent,ClassSectionAttendance,0
att1504,st141,2020,sch3,8/15/2020,No,1,sec49,P,A,1,Present,ClassSectionAttendance,0
att1505,st141,2020,sch3,8/15/2020,No,1,sec50,A,F,1,Absent,ClassSectionAttendance,0
att1506,st141,2020,sch3,8/15/2020,No,1,sec51,A,F,1,Absent,ClassSectionAttendance,0
att1507,st142,2020,sch3,8/15/2020,No,1,sec37,P,A,1,Present,ClassSectionAttendance,0
att1508,st142,2020,sch3,8/15/2020,No,1,sec38,A,F,1,Absent,ClassSectionAttendance,0
att1509,st142,2020,sch3,8/15/2020,No,1,sec39,A,F,1,Absent,ClassSectionAttendance,0
att1510,st142,2020,sch3,8/15/2020,No,1,sec40,P,A,1,Present,ClassSectionAttendance,0
att1511,st142,2020,sch3,8/15/2020,No,1,sec41,A,F,1,Absent,ClassSectionAttendance,0
att1512,st142,2020,sch3,8/15/2020,No,1,sec42,A,F,1,Absent,ClassSectionAttendance,0
att1513,st142,2020,sch3,8/15/2020,No,1,sec46,P,C,1,Present,ClassSectionAttendance,0
att1514,st142,2020,sch3,8/15/2020,No,1,sec47,P,D,1,Present,ClassSectionAttendance,0
att1515,st142,2020,sch3,8/15/2020,No,1,sec48,A,F,1,Absent,ClassSectionAttendance,0
att1516,st142,2020,sch3,8/15/2020,No,1,sec49,P,A,1,Present,ClassSectionAttendance,0
att1517,st142,2020,sch3,8/15/2020,No,1,sec50,A,F,1,Absent,ClassSectionAttendance,0
att1518,st142,2020,sch3,8/15/2020,No,1,sec51,A,F,1,Absent,ClassSectionAttendance,0
att1519,st143,2020,sch3,8/15/2020,No,1,sec37,P,A,1,Present,ClassSectionAttendance,0
att1520,st143,2020,sch3,8/15/2020,No,1,sec38,P,D,1,Present,ClassSectionAttendance,0
att1521,st143,2020,sch3,8/15/2020,No,1,sec39,A,F,1,Absent,ClassSectionAttendance,0
att1522,st143,2020,sch3,8/15/2020,No,1,sec40,P,A,1,Present,ClassSectionAttendance,0
att1523,st143,2020,sch3,8/15/2020,No,1,sec41,A,F,1,Absent,ClassSectionAttendance,0
att1524,st143,2020,sch3,8/15/2020,No,1,sec42,A,F,1,Absent,ClassSectionAttendance,0
att1525,st143,2020,sch3,8/15/2020,No,1,sec46,P,C,1,Present,ClassSectionAttendance,0
att1526,st143,2020,sch3,8/15/2020,No,1,sec47,A,F,1,Absent,ClassSectionAttendance,0
att1527,st143,2020,sch3,8/15/2020,No,1,sec48,P,D,1,Present,ClassSectionAttendance,0
att1528,st143,2020,sch3,8/15/2020,No,1,sec49,P,A,1,Present,ClassSectionAttendance,0
att1529,st143,2020,sch3,8/15/2020,No,1,sec50,A,F,1,Absent,ClassSectionAttendance,0
att1530,st143,2020,sch3,8/15/2020,No,1,sec51,A,F,1,Absent,ClassSectionAttendance,0
att1531,st144,2020,sch3,8/15/2020,No,1,sec37,P,B,1,Present,ClassSectionAttendance,0
att1532,st144,2020,sch3,8/15/2020,No,1,sec38,P,D,1,Present,ClassSectionAttendance,0
att1533,st144,2020,sch3,8/15/2020,No,1,sec39,A,F,1,Absent,ClassSectionAttendance,0
att1534,st144,2020,sch3,8/15/2020,No,1,sec40,P,C,1,Present,ClassSectionAttendance,0
att1535,st144,2020,sch3,8/15/2020,No,1,sec41,P,D,1,Present,ClassSectionAttendance,0
att1536,st144,2020,sch3,8/15/2020,No,1,sec42,A,F,1,Absent,ClassSectionAttendance,0
att1537,st144,2020,sch3,8/15/2020,No,1,sec46,P,A,1,Present,ClassSectionAttendance,0
att1538,st144,2020,sch3,8/15/2020,No,1,sec47,A,F,1,Absent,ClassSectionAttendance,0
att1539,st144,2020,sch3,8/15/2020,No,1,sec48,A,F,1,Absent,ClassSectionAttendance,0
att1540,st144,2020,sch3,8/15/2020,No,1,sec49,P,D,1,Present,ClassSectionAttendance,0
att1541,st144,2020,sch3,8/15/2020,No,1,sec50,A,F,1,Absent,ClassSectionAttendance,0
att1542,st144,2020,sch3,8/15/2020,No,1,sec51,P,D,1,Present,ClassSectionAttendance,0
att1543,st145,2020,sch3,8/15/2020,No,1,sec37,P,A,1,Present,ClassSectionAttendance,0
att1544,st145,2020,sch3,8/15/2020,No,1,sec38,A,F,1,Absent,ClassSectionAttendance,0
att1545,st145,2020,sch3,8/15/2020,No,1,sec39,A,F,1,Absent,ClassSectionAttendance,0
att1546,st145,2020,sch3,8/15/2020,No,1,sec40,P,D,1,Present,ClassSectionAttendance,0
att1547,st145,2020,sch3,8/15/2020,No,1,sec41,A,F,1,Absent,ClassSectionAttendance,0
att1548,st145,2020,sch3,8/15/2020,No,1,sec42,A,F,1,Absent,ClassSectionAttendance,0
att1549,st145,2020,sch3,8/15/2020,No,1,sec46,P,A,1,Present,ClassSectionAttendance,0
att1550,st145,2020,sch3,8/15/2020,No,1,sec47,P,F,1,Present,ClassSectionAttendance,0
att1551,st145,2020,sch3,8/15/2020,No,1,sec48,P,F,1,Present,ClassSectionAttendance,0
att1552,st145,2020,sch3,8/15/2020,No,1,sec49,P,F,1,Present,ClassSectionAttendance,0
att1553,st145,2020,sch3,8/15/2020,No,1,sec50,P,F,1,Present,ClassSectionAttendance,0
att1554,st145,2020,sch3,8/15/2020,No,1,sec51,P,D,1,Present,ClassSectionAttendance,0
att1555,st146,2020,sch3,8/15/2020,No,1,sec37,P,C,1,Present,ClassSectionAttendance,0
att1556,st146,2020,sch3,8/15/2020,No,1,sec38,P,D,1,Present,ClassSectionAttendance,0
att1557,st146,2020,sch3,8/15/2020,No,1,sec39,P,F,1,Present,ClassSectionAttendance,0
att1558,st146,2020,sch3,8/15/2020,No,1,sec40,P,A,1,Present,ClassSectionAttendance,0
att1559,st146,2020,sch3,8/15/2020,No,1,sec41,P,D,1,Present,ClassSectionAttendance,0
att1560,st146,2020,sch3,8/15/2020,No,1,sec42,P,F,1,Present,ClassSectionAttendance,0
att1561,st146,2020,sch3,8/15/2020,No,1,sec46,P,C,1,Present,ClassSectionAttendance,0
att1562,st146,2020,sch3,8/15/2020,No,1,sec47,P,D,1,Present,ClassSectionAttendance,0
att1563,st146,2020,sch3,8/15/2020,No,1,sec48,P,F,1,Present,ClassSectionAttendance,0
att1564,st146,2020,sch3,8/15/2020,No,1,sec49,P,B,1,Present,ClassSectionAttendance,0
att1565,st146,2020,sch3,8/15/2020,No,1,sec50,P,F,1,Present,ClassSectionAttendance,0
att1566,st146,2020,sch3,8/15/2020,No,1,sec51,P,F,1,Present,ClassSectionAttendance,0
att1567,st147,2020,sch3,8/15/2020,No,1,sec37,P,B,1,Present,ClassSectionAttendance,0
att1568,st147,2020,sch3,8/15/2020,No,1,sec38,P,F,1,Present,ClassSectionAttendance,0
att1569,st147,2020,sch3,8/15/2020,No,1,sec39,P,D,1,Present,ClassSectionAttendance,0
att1570,st147,2020,sch3,8/15/2020,No,1,sec40,P,A,1,Present,ClassSectionAttendance,0
att1571,st147,2020,sch3,8/15/2020,No,1,sec41,P,F,1,Present,ClassSectionAttendance,0
att1572,st147,2020,sch3,8/15/2020,No,1,sec42,P,F,1,Present,ClassSectionAttendance,0
att1573,st147,2020,sch3,8/15/2020,No,1,sec46,P,B,1,Present,ClassSectionAttendance,0
att1574,st147,2020,sch3,8/15/2020,No,1,sec47,P,F,1,Present,ClassSectionAttendance,0
att1575,st147,2020,sch3,8/15/2020,No,1,sec48,P,D,1,Present,ClassSectionAttendance,0
att1576,st147,2020,sch3,8/15/2020,No,1,sec49,P,F,1,Present,ClassSectionAttendance,0
att1577,st147,2020,sch3,8/15/2020,No,1,sec50,P,D,1,Present,ClassSectionAttendance,0
att1578,st147,2020,sch3,8/15/2020,No,1,sec51,P,F,1,Present,ClassSectionAttendance,0
att1579,st148,2020,sch3,8/15/2020,No,1,sec37,P,C,1,Present,ClassSectionAttendance,0
att1580,st148,2020,sch3,8/15/2020,No,1,sec38,P,D,1,Present,ClassSectionAttendance,0
att1581,st148,2020,sch3,8/15/2020,No,1,sec39,P,F,1,Present,ClassSectionAttendance,0
att1582,st148,2020,sch3,8/15/2020,No,1,sec40,P,D,1,Present,ClassSectionAttendance,0
att1583,st148,2020,sch3,8/15/2020,No,1,sec41,P,D,1,Present,ClassSectionAttendance,0
att1584,st148,2020,sch3,8/15/2020,No,1,sec42,P,F,1,Present,ClassSectionAttendance,0
att1585,st148,2020,sch3,8/15/2020,No,1,sec46,P,C,1,Present,ClassSectionAttendance,0
att1586,st148,2020,sch3,8/15/2020,No,1,sec47,P,D,1,Present,ClassSectionAttendance,0
att1587,st148,2020,sch3,8/15/2020,No,1,sec48,P,F,1,Present,ClassSectionAttendance,0
att1588,st148,2020,sch3,8/15/2020,No,1,sec49,P,A,1,Present,ClassSectionAttendance,0
att1589,st148,2020,sch3,8/15/2020,No,1,sec50,P,D,1,Present,ClassSectionAttendance,0
att1590,st148,2020,sch3,8/15/2020,No,1,sec51,P,F,1,Present,ClassSectionAttendance,0
att1591,st149,2020,sch3,8/15/2020,No,1,sec37,P,A,1,Present,ClassSectionAttendance,0
att1592,st150,2020,sch3,8/15/2020,No,1,sec38,P,F,1,Present,ClassSectionAttendance,0
att1593,st151,2020,sch3,8/15/2020,No,1,sec39,P,F,1,Present,ClassSectionAttendance,0
att1594,st152,2020,sch3,8/15/2020,No,1,sec40,P,A,1,Present,ClassSectionAttendance,0
att1595,st153,2020,sch3,8/15/2020,No,1,sec41,P,F,1,Present,ClassSectionAttendance,0
att1596,st154,2020,sch3,8/15/2020,No,1,sec42,P,F,1,Present,ClassSectionAttendance,0
att1597,st155,2020,sch3,8/15/2020,No,1,sec46,P,C,1,Present,ClassSectionAttendance,0
att1598,st156,2020,sch3,8/15/2020,No,1,sec47,P,F,1,Present,ClassSectionAttendance,0
att1599,st157,2020,sch3,8/15/2020,No,1,sec48,P,F,1,Present,ClassSectionAttendance,0
att1600,st158,2020,sch3,8/15/2020,No,1,sec49,P,C,1,Present,ClassSectionAttendance,0
att1601,st159,2020,sch3,8/15/2020,No,1,sec50,P,F,1,Present,ClassSectionAttendance,0
att1602,st160,2020,sch3,8/15/2020,No,1,sec51,P,F,1,Present,ClassSectionAttendance,0
att1603,st150,2020,sch3,8/15/2020,No,1,sec37,P,A,1,Present,ClassSectionAttendance,0
att1604,st150,2020,sch3,8/15/2020,No,1,sec38,P,D,1,Present,ClassSectionAttendance,0
att1605,st150,2020,sch3,8/15/2020,No,1,sec39,P,F,1,Present,ClassSectionAttendance,0
att1606,st150,2020,sch3,8/15/2020,No,1,sec40,P,D,1,Present,ClassSectionAttendance,0
att1607,st150,2020,sch3,8/15/2020,No,1,sec41,P,F,1,Present,ClassSectionAttendance,0
att1608,st150,2020,sch3,8/15/2020,No,1,sec42,P,F,1,Present,ClassSectionAttendance,0
att1609,st150,2020,sch3,8/15/2020,No,1,sec46,P,A,1,Present,ClassSectionAttendance,0
att1610,st150,2020,sch3,8/15/2020,No,1,sec47,P,F,1,Present,ClassSectionAttendance,0
att1611,st150,2020,sch3,8/15/2020,No,1,sec48,P,D,1,Present,ClassSectionAttendance,0
att1612,st150,2020,sch3,8/15/2020,No,1,sec49,P,C,1,Present,ClassSectionAttendance,0
att1613,st150,2020,sch3,8/15/2020,No,1,sec50,P,F,1,Present,ClassSectionAttendance,0
att1614,st150,2020,sch3,8/15/2020,No,1,sec51,P,F,1,Present,ClassSectionAttendance,0
att1615,st151,2020,sch3,8/15/2020,No,1,sec37,P,B,1,Present,ClassSectionAttendance,0
att1616,st151,2020,sch3,8/15/2020,No,1,sec38,P,F,1,Present,ClassSectionAttendance,0
att1617,st151,2020,sch3,8/15/2020,No,1,sec39,P,F,1,Present,ClassSectionAttendance,0
att1618,st151,2020,sch3,8/15/2020,No,1,sec40,P,C,1,Present,ClassSectionAttendance,0
att1619,st151,2020,sch3,8/15/2020,No,1,sec41,P,D,1,Present,ClassSectionAttendance,0
att1620,st151,2020,sch3,8/15/2020,No,1,sec42,P,F,1,Present,ClassSectionAttendance,0
att1621,st151,2020,sch3,8/15/2020,No,1,sec46,P,B,1,Present,ClassSectionAttendance,0
att1622,st151,2020,sch3,8/15/2020,No,1,sec47,P,F,1,Present,ClassSectionAttendance,0
att1623,st151,2020,sch3,8/15/2020,No,1,sec48,P,F,1,Present,ClassSectionAttendance,0
att1624,st151,2020,sch3,8/15/2020,No,1,sec49,P,F,1,Present,ClassSectionAttendance,0
att1625,st151,2020,sch3,8/15/2020,No,1,sec50,P,F,1,Present,ClassSectionAttendance,0
att1626,st151,2020,sch3,8/15/2020,No,1,sec51,P,D,1,Present,ClassSectionAttendance,0
att1627,st152,2020,sch3,8/15/2020,No,1,sec37,P,C,1,Present,ClassSectionAttendance,0
att1628,st152,2020,sch3,8/15/2020,No,1,sec38,P,F,1,Present,ClassSectionAttendance,0
att1629,st152,2020,sch3,8/15/2020,No,1,sec39,P,F,1,Present,ClassSectionAttendance,0
att1630,st152,2020,sch3,8/15/2020,No,1,sec40,P,C,1,Present,ClassSectionAttendance,0
att1631,st152,2020,sch3,8/15/2020,No,1,sec41,P,F,1,Present,ClassSectionAttendance,0
att1632,st152,2020,sch3,8/15/2020,No,1,sec42,P,F,1,Present,ClassSectionAttendance,0
att1633,st152,2020,sch3,8/15/2020,No,1,sec46,P,C,1,Present,ClassSectionAttendance,0
att1634,st152,2020,sch3,8/15/2020,No,1,sec47,P,F,1,Present,ClassSectionAttendance,0
att1635,st152,2020,sch3,8/15/2020,No,1,sec48,P,F,1,Present,ClassSectionAttendance,0
att1636,st152,2020,sch3,8/15/2020,No,1,sec49,P,A,1,Present,ClassSectionAttendance,0
att1637,st152,2020,sch3,8/15/2020,No,1,sec50,P,F,1,Present,ClassSectionAttendance,0
att1638,st152,2020,sch3,8/15/2020,No,1,sec51,P,F,1,Present,ClassSectionAttendance,0
att1639,st153,2020,sch3,8/15/2020,No,1,sec37,P,D,1,Present,ClassSectionAttendance,0
att1640,st153,2020,sch3,8/15/2020,No,1,sec38,P,F,1,Present,ClassSectionAttendance,0
att1641,st153,2020,sch3,8/15/2020,No,1,sec39,P,F,1,Present,ClassSectionAttendance,0
att1642,st153,2020,sch3,8/15/2020,No,1,sec40,P,F,1,Present,ClassSectionAttendance,0
att1643,st153,2020,sch3,8/15/2020,No,1,sec41,P,F,1,Present,ClassSectionAttendance,0
att1644,st153,2020,sch3,8/15/2020,No,1,sec42,P,F,1,Present,ClassSectionAttendance,0
att1645,st153,2020,sch3,8/15/2020,No,1,sec46,P,A,1,Present,ClassSectionAttendance,0
att1646,st153,2020,sch3,8/15/2020,No,1,sec47,P,D,1,Present,ClassSectionAttendance,0
att1647,st153,2020,sch3,8/15/2020,No,1,sec48,P,F,1,Present,ClassSectionAttendance,0
att1648,st153,2020,sch3,8/15/2020,No,1,sec49,P,F,1,Present,ClassSectionAttendance,0
att1649,st153,2020,sch3,8/15/2020,No,1,sec50,P,D,1,Present,ClassSectionAttendance,0
att1650,st153,2020,sch3,8/15/2020,No,1,sec51,P,D,1,Present,ClassSectionAttendance,0
att1651,st154,2020,sch3,8/15/2020,No,1,sec37,P,A,1,Present,ClassSectionAttendance,0
att1652,st154,2020,sch3,8/15/2020,No,1,sec38,P,F,1,Present,ClassSectionAttendance,0
att1653,st154,2020,sch3,8/15/2020,No,1,sec39,P,F,1,Present,ClassSectionAttendance,0
att1654,st154,2020,sch3,8/15/2020,No,1,sec40,P,C,1,Present,ClassSectionAttendance,0
att1655,st154,2020,sch3,8/15/2020,No,1,sec41,P,F,1,Present,ClassSectionAttendance,0
att1656,st154,2020,sch3,8/15/2020,No,1,sec42,P,F,1,Present,ClassSectionAttendance,0
att1657,st154,2020,sch3,8/15/2020,No,1,sec46,P,A,1,Present,ClassSectionAttendance,0
att1658,st154,2020,sch3,8/15/2020,No,1,sec47,P,F,1,Present,ClassSectionAttendance,0
att1659,st154,2020,sch3,8/15/2020,No,1,sec48,P,F,1,Present,ClassSectionAttendance,0
att1660,st154,2020,sch3,8/15/2020,No,1,sec49,P,A,1,Present,ClassSectionAttendance,0
att1661,st154,2020,sch3,8/15/2020,No,1,sec50,P,F,1,Present,ClassSectionAttendance,0
att1662,st154,2020,sch3,8/15/2020,No,1,sec51,P,F,1,Present,ClassSectionAttendance,0
att1663,st155,2020,sch3,8/15/2020,No,1,sec37,P,B,1,Present,ClassSectionAttendance,0
att1664,st155,2020,sch3,8/15/2020,No,1,sec38,P,F,1,Present,ClassSectionAttendance,0
att1665,st155,2020,sch3,8/15/2020,No,1,sec39,P,F,1,Present,ClassSectionAttendance,0
att1666,st155,2020,sch3,8/15/2020,No,1,sec40,P,C,1,Present,ClassSectionAttendance,0
att1667,st155,2020,sch3,8/15/2020,No,1,sec41,P,F,1,Present,ClassSectionAttendance,0
att1668,st155,2020,sch3,8/15/2020,No,1,sec42,P,F,1,Present,ClassSectionAttendance,0
att1669,st155,2020,sch3,8/15/2020,No,1,sec46,P,A,1,Present,ClassSectionAttendance,0
att1670,st155,2020,sch3,8/15/2020,No,1,sec47,P,F,1,Present,ClassSectionAttendance,0
att1671,st155,2020,sch3,8/15/2020,No,1,sec48,P,D,1,Present,ClassSectionAttendance,0
att1672,st155,2020,sch3,8/15/2020,No,1,sec49,P,C,1,Present,ClassSectionAttendance,0
att1673,st155,2020,sch3,8/15/2020,No,1,sec50,P,F,1,Present,ClassSectionAttendance,0
att1674,st155,2020,sch3,8/15/2020,No,1,sec51,P,D,1,Present,ClassSectionAttendance,0
att1675,st156,2020,sch3,8/15/2020,No,1,sec43,P,C,1,Present,ClassSectionAttendance,0
att1676,st156,2020,sch3,8/15/2020,No,1,sec44,P,D,1,Present,ClassSectionAttendance,0
att1677,st156,2020,sch3,8/15/2020,No,1,sec45,P,D,1,Present,ClassSectionAttendance,0
att1678,st156,2020,sch3,8/15/2020,No,1,sec52,P,C,1,Present,ClassSectionAttendance,0
att1679,st156,2020,sch3,8/15/2020,No,1,sec53,P,F,1,Present,ClassSectionAttendance,0
att1680,st156,2020,sch3,8/15/2020,No,1,sec54,P,F,1,Present,ClassSectionAttendance,0
att1681,st157,2020,sch3,8/15/2020,No,1,sec43,P,C,1,Present,ClassSectionAttendance,0
att1682,st157,2020,sch3,8/15/2020,No,1,sec44,P,F,1,Present,ClassSectionAttendance,0
att1683,st157,2020,sch3,8/15/2020,No,1,sec45,P,F,1,Present,ClassSectionAttendance,0
att1684,st157,2020,sch3,8/15/2020,No,1,sec52,P,A,1,Present,ClassSectionAttendance,0
att1685,st157,2020,sch3,8/15/2020,No,1,sec53,P,F,1,Present,ClassSectionAttendance,0
att1686,st157,2020,sch3,8/15/2020,No,1,sec54,P,F,1,Present,ClassSectionAttendance,0
att1687,st158,2020,sch3,8/15/2020,No,1,sec43,P,A,1,Present,ClassSectionAttendance,0
att1688,st158,2020,sch3,8/15/2020,No,1,sec44,P,D,1,Present,ClassSectionAttendance,0
att1689,st158,2020,sch3,8/15/2020,No,1,sec45,P,F,1,Present,ClassSectionAttendance,0
att1690,st158,2020,sch3,8/15/2020,No,1,sec52,P,C,1,Present,ClassSectionAttendance,0
att1691,st158,2020,sch3,8/15/2020,No,1,sec53,P,F,1,Present,ClassSectionAttendance,0
att1692,st158,2020,sch3,8/15/2020,No,1,sec54,P,F,1,Present,ClassSectionAttendance,0
att1693,st159,2020,sch3,8/15/2020,No,1,sec43,P,D,1,Present,ClassSectionAttendance,0
att1694,st159,2020,sch3,8/15/2020,No,1,sec44,P,D,1,Present,ClassSectionAttendance,0
att1695,st159,2020,sch3,8/15/2020,No,1,sec45,P,F,1,Present,ClassSectionAttendance,0
att1696,st159,2020,sch3,8/15/2020,No,1,sec52,P,F,1,Present,ClassSectionAttendance,0
att1697,st159,2020,sch3,8/15/2020,No,1,sec53,P,F,1,Present,ClassSectionAttendance,0
att1698,st159,2020,sch3,8/15/2020,No,1,sec54,P,F,1,Present,ClassSectionAttendance,0
att1699,st160,2020,sch3,8/15/2020,No,1,sec43,P,A,1,Present,ClassSectionAttendance,0
att1700,st160,2020,sch3,8/15/2020,No,1,sec44,P,D,1,Present,ClassSectionAttendance,0
att1701,st160,2020,sch3,8/15/2020,No,1,sec45,P,F,1,Present,ClassSectionAttendance,0
att1702,st160,2020,sch3,8/15/2020,No,1,sec52,P,B,1,Present,ClassSectionAttendance,0
att1703,st160,2020,sch3,8/15/2020,No,1,sec53,P,F,1,Present,ClassSectionAttendance,0
att1704,st160,2020,sch3,8/15/2020,No,1,sec54,P,F,1,Present,ClassSectionAttendance,0
att1705,st161,2020,sch4,8/15/2020,No,1,sec55,P,C,1,Present,ClassSectionAttendance,0
att1706,st161,2020,sch4,8/15/2020,No,1,sec56,P,F,1,Present,ClassSectionAttendance,0
att1707,st161,2020,sch4,8/15/2020,No,1,sec57,P,F,1,Present,ClassSectionAttendance,0
att1708,st161,2020,sch4,8/15/2020,No,1,sec58,P,A,1,Present,ClassSectionAttendance,0
att1709,st161,2020,sch4,8/15/2020,No,1,sec59,P,F,1,Present,ClassSectionAttendance,0
att1710,st161,2020,sch4,8/15/2020,No,1,sec60,P,F,1,Present,ClassSectionAttendance,0
att1711,st161,2020,sch4,8/15/2020,No,1,sec64,P,A,1,Present,ClassSectionAttendance,0
att1712,st161,2020,sch4,8/15/2020,No,1,sec65,P,F,1,Present,ClassSectionAttendance,0
att1713,st161,2020,sch4,8/15/2020,No,1,sec66,P,F,1,Present,ClassSectionAttendance,0
att1714,st161,2020,sch4,8/15/2020,No,1,sec67,P,A,1,Present,ClassSectionAttendance,0
att1715,st161,2020,sch4,8/15/2020,No,1,sec68,P,D,1,Present,ClassSectionAttendance,0
att1716,st161,2020,sch4,8/15/2020,No,1,sec69,P,F,1,Present,ClassSectionAttendance,0
att1717,st162,2020,sch4,8/15/2020,No,1,sec55,P,A,1,Present,ClassSectionAttendance,0
att1718,st162,2020,sch4,8/15/2020,No,1,sec56,P,F,1,Present,ClassSectionAttendance,0
att1719,st162,2020,sch4,8/15/2020,No,1,sec57,P,F,1,Present,ClassSectionAttendance,0
att1720,st162,2020,sch4,8/15/2020,No,1,sec58,P,A,1,Present,ClassSectionAttendance,0
att1721,st162,2020,sch4,8/15/2020,No,1,sec59,P,D,1,Present,ClassSectionAttendance,0
att1722,st162,2020,sch4,8/15/2020,No,1,sec60,P,F,1,Present,ClassSectionAttendance,0
att1723,st162,2020,sch4,8/15/2020,No,1,sec64,P,B,1,Present,ClassSectionAttendance,0
att1724,st162,2020,sch4,8/15/2020,No,1,sec65,P,F,1,Present,ClassSectionAttendance,0
att1725,st162,2020,sch4,8/15/2020,No,1,sec66,P,D,1,Present,ClassSectionAttendance,0
att1726,st162,2020,sch4,8/15/2020,No,1,sec67,P,D,1,Present,ClassSectionAttendance,0
att1727,st162,2020,sch4,8/15/2020,No,1,sec68,P,F,1,Present,ClassSectionAttendance,0
att1728,st162,2020,sch4,8/15/2020,No,1,sec69,P,F,1,Present,ClassSectionAttendance,0
att1729,st163,2020,sch4,8/15/2020,No,1,sec55,P,A,1,Present,ClassSectionAttendance,0
att1730,st163,2020,sch4,8/15/2020,No,1,sec56,P,F,1,Present,ClassSectionAttendance,0
att1731,st163,2020,sch4,8/15/2020,No,1,sec57,P,F,1,Present,ClassSectionAttendance,0
att1732,st163,2020,sch4,8/15/2020,No,1,sec58,P,A,1,Present,ClassSectionAttendance,0
att1733,st163,2020,sch4,8/15/2020,No,1,sec59,P,F,1,Present,ClassSectionAttendance,0
att1734,st163,2020,sch4,8/15/2020,No,1,sec60,P,F,1,Present,ClassSectionAttendance,0
att1735,st163,2020,sch4,8/15/2020,No,1,sec64,P,F,1,Present,ClassSectionAttendance,0
att1736,st163,2020,sch4,8/15/2020,No,1,sec65,P,F,1,Present,ClassSectionAttendance,0
att1737,st163,2020,sch4,8/15/2020,No,1,sec66,P,F,1,Present,ClassSectionAttendance,0
att1738,st163,2020,sch4,8/15/2020,No,1,sec67,P,C,1,Present,ClassSectionAttendance,0
att1739,st163,2020,sch4,8/15/2020,No,1,sec68,P,F,1,Present,ClassSectionAttendance,0
att1740,st163,2020,sch4,8/15/2020,No,1,sec69,P,D,1,Present,ClassSectionAttendance,0
att1741,st164,2020,sch4,8/15/2020,No,1,sec55,P,A,1,Present,ClassSectionAttendance,0
att1742,st164,2020,sch4,8/15/2020,No,1,sec56,P,F,1,Present,ClassSectionAttendance,0
att1743,st164,2020,sch4,8/15/2020,No,1,sec57,P,F,1,Present,ClassSectionAttendance,0
att1744,st164,2020,sch4,8/15/2020,No,1,sec58,P,A,1,Present,ClassSectionAttendance,0
att1745,st164,2020,sch4,8/15/2020,No,1,sec59,P,F,1,Present,ClassSectionAttendance,0
att1746,st164,2020,sch4,8/15/2020,No,1,sec60,P,F,1,Present,ClassSectionAttendance,0
att1747,st164,2020,sch4,8/15/2020,No,1,sec64,P,B,1,Present,ClassSectionAttendance,0
att1748,st164,2020,sch4,8/15/2020,No,1,sec65,P,F,1,Present,ClassSectionAttendance,0
att1749,st164,2020,sch4,8/15/2020,No,1,sec66,P,D,1,Present,ClassSectionAttendance,0
att1750,st164,2020,sch4,8/15/2020,No,1,sec67,P,A,1,Present,ClassSectionAttendance,0
att1751,st164,2020,sch4,8/15/2020,No,1,sec68,P,F,1,Present,ClassSectionAttendance,0
att1752,st164,2020,sch4,8/15/2020,No,1,sec69,P,F,1,Present,ClassSectionAttendance,0
att1753,st165,2020,sch4,8/15/2020,No,1,sec55,P,D,1,Present,ClassSectionAttendance,0
att1754,st165,2020,sch4,8/15/2020,No,1,sec56,P,D,1,Present,ClassSectionAttendance,0
att1755,st165,2020,sch4,8/15/2020,No,1,sec57,P,F,1,Present,ClassSectionAttendance,0
att1756,st165,2020,sch4,8/15/2020,No,1,sec58,P,D,1,Present,ClassSectionAttendance,0
att1757,st165,2020,sch4,8/15/2020,No,1,sec59,P,D,1,Present,ClassSectionAttendance,0
att1758,st165,2020,sch4,8/15/2020,No,1,sec60,P,D,1,Present,ClassSectionAttendance,0
att1759,st165,2020,sch4,8/15/2020,No,1,sec64,P,D,1,Present,ClassSectionAttendance,0
att1760,st165,2020,sch4,8/15/2020,No,1,sec65,P,F,1,Present,ClassSectionAttendance,0
att1761,st165,2020,sch4,8/15/2020,No,1,sec66,P,D,1,Present,ClassSectionAttendance,0
att1762,st165,2020,sch4,8/15/2020,No,1,sec67,P,F,1,Present,ClassSectionAttendance,0
att1763,st165,2020,sch4,8/15/2020,No,1,sec68,P,F,1,Present,ClassSectionAttendance,0
att1764,st165,2020,sch4,8/15/2020,No,1,sec69,P,F,1,Present,ClassSectionAttendance,0
att1765,st166,2020,sch4,8/15/2020,No,1,sec55,P,D,1,Present,ClassSectionAttendance,0
att1766,st166,2020,sch4,8/15/2020,No,1,sec56,P,F,1,Present,ClassSectionAttendance,0
att1767,st166,2020,sch4,8/15/2020,No,1,sec57,P,F,1,Present,ClassSectionAttendance,0
att1768,st166,2020,sch4,8/15/2020,No,1,sec58,P,A,1,Present,ClassSectionAttendance,0
att1769,st166,2020,sch4,8/15/2020,No,1,sec59,P,D,1,Present,ClassSectionAttendance,0
att1770,st166,2020,sch4,8/15/2020,No,1,sec60,P,F,1,Present,ClassSectionAttendance,0
att1771,st166,2020,sch4,8/15/2020,No,1,sec64,P,D,1,Present,ClassSectionAttendance,0
att1772,st166,2020,sch4,8/15/2020,No,1,sec65,P,F,1,Present,ClassSectionAttendance,0
att1773,st166,2020,sch4,8/15/2020,No,1,sec66,P,D,1,Present,ClassSectionAttendance,0
att1774,st166,2020,sch4,8/15/2020,No,1,sec67,P,C,1,Present,ClassSectionAttendance,0
att1775,st166,2020,sch4,8/15/2020,No,1,sec68,P,F,1,Present,ClassSectionAttendance,0
att1776,st166,2020,sch4,8/15/2020,No,1,sec69,P,F,1,Present,ClassSectionAttendance,0
att1777,st167,2020,sch4,8/15/2020,No,1,sec55,P,A,1,Present,ClassSectionAttendance,0
att1778,st167,2020,sch4,8/15/2020,No,1,sec56,P,F,1,Present,ClassSectionAttendance,0
att1779,st167,2020,sch4,8/15/2020,No,1,sec57,P,F,1,Present,ClassSectionAttendance,0
att1780,st167,2020,sch4,8/15/2020,No,1,sec58,P,A,1,Present,ClassSectionAttendance,0
att1781,st167,2020,sch4,8/15/2020,No,1,sec59,P,F,1,Present,ClassSectionAttendance,0
att1782,st167,2020,sch4,8/15/2020,No,1,sec60,P,F,1,Present,ClassSectionAttendance,0
att1783,st167,2020,sch4,8/15/2020,No,1,sec64,P,A,1,Present,ClassSectionAttendance,0
att1784,st167,2020,sch4,8/15/2020,No,1,sec65,P,F,1,Present,ClassSectionAttendance,0
att1785,st167,2020,sch4,8/15/2020,No,1,sec66,P,F,1,Present,ClassSectionAttendance,0
att1786,st167,2020,sch4,8/15/2020,No,1,sec67,P,D,1,Present,ClassSectionAttendance,0
att1787,st167,2020,sch4,8/15/2020,No,1,sec68,P,F,1,Present,ClassSectionAttendance,0
att1788,st167,2020,sch4,8/15/2020,No,1,sec69,P,F,1,Present,ClassSectionAttendance,0
att1789,st168,2020,sch4,8/15/2020,No,1,sec55,P,A,1,Present,ClassSectionAttendance,0
att1790,st168,2020,sch4,8/15/2020,No,1,sec56,P,F,1,Present,ClassSectionAttendance,0
att1791,st168,2020,sch4,8/15/2020,No,1,sec57,P,F,1,Present,ClassSectionAttendance,0
att1792,st168,2020,sch4,8/15/2020,No,1,sec58,P,C,1,Present,ClassSectionAttendance,0
att1793,st168,2020,sch4,8/15/2020,No,1,sec59,P,F,1,Present,ClassSectionAttendance,0
att1794,st168,2020,sch4,8/15/2020,No,1,sec60,P,F,1,Present,ClassSectionAttendance,0
att1795,st168,2020,sch4,8/15/2020,No,1,sec64,P,A,1,Present,ClassSectionAttendance,0
att1796,st168,2020,sch4,8/15/2020,No,1,sec65,P,F,1,Present,ClassSectionAttendance,0
att1797,st168,2020,sch4,8/15/2020,No,1,sec66,P,F,1,Present,ClassSectionAttendance,0
att1798,st168,2020,sch4,8/15/2020,No,1,sec67,P,A,1,Present,ClassSectionAttendance,0
att1799,st168,2020,sch4,8/15/2020,No,1,sec68,P,F,1,Present,ClassSectionAttendance,0
att1800,st168,2020,sch4,8/15/2020,No,1,sec69,P,F,1,Present,ClassSectionAttendance,0
att1801,st169,2020,sch4,8/15/2020,No,1,sec55,P,D,1,Present,ClassSectionAttendance,0
att1802,st169,2020,sch4,8/15/2020,No,1,sec56,P,F,1,Present,ClassSectionAttendance,0
att1803,st169,2020,sch4,8/15/2020,No,1,sec57,P,F,1,Present,ClassSectionAttendance,0
att1804,st169,2020,sch4,8/15/2020,No,1,sec58,P,F,1,Present,ClassSectionAttendance,0
att1805,st169,2020,sch4,8/15/2020,No,1,sec59,P,F,1,Present,ClassSectionAttendance,0
att1806,st169,2020,sch4,8/15/2020,No,1,sec60,P,F,1,Present,ClassSectionAttendance,0
att1807,st169,2020,sch4,8/15/2020,No,1,sec64,P,A,1,Present,ClassSectionAttendance,0
att1808,st169,2020,sch4,8/15/2020,No,1,sec65,P,F,1,Present,ClassSectionAttendance,0
att1809,st169,2020,sch4,8/15/2020,No,1,sec66,P,F,1,Present,ClassSectionAttendance,0
att1810,st169,2020,sch4,8/15/2020,No,1,sec67,P,B,1,Present,ClassSectionAttendance,0
att1811,st169,2020,sch4,8/15/2020,No,1,sec68,P,F,1,Present,ClassSectionAttendance,0
att1812,st169,2020,sch4,8/15/2020,No,1,sec69,P,F,1,Present,ClassSectionAttendance,0
att1813,st170,2020,sch4,8/15/2020,No,1,sec55,P,D,1,Present,ClassSectionAttendance,0
att1814,st170,2020,sch4,8/15/2020,No,1,sec56,P,F,1,Present,ClassSectionAttendance,0
att1815,st170,2020,sch4,8/15/2020,No,1,sec57,P,F,1,Present,ClassSectionAttendance,0
att1816,st170,2020,sch4,8/15/2020,No,1,sec58,P,A,1,Present,ClassSectionAttendance,0
att1817,st170,2020,sch4,8/15/2020,No,1,sec59,P,F,1,Present,ClassSectionAttendance,0
att1818,st170,2020,sch4,8/15/2020,No,1,sec60,P,F,1,Present,ClassSectionAttendance,0
att1819,st170,2020,sch4,8/15/2020,No,1,sec64,P,F,1,Present,ClassSectionAttendance,0
att1820,st170,2020,sch4,8/15/2020,No,1,sec65,P,F,1,Present,ClassSectionAttendance,0
att1821,st170,2020,sch4,8/15/2020,No,1,sec66,P,F,1,Present,ClassSectionAttendance,0
att1822,st170,2020,sch4,8/15/2020,No,1,sec67,P,D,1,Present,ClassSectionAttendance,0
att1823,st170,2020,sch4,8/15/2020,No,1,sec68,P,F,1,Present,ClassSectionAttendance,0
att1824,st170,2020,sch4,8/15/2020,No,1,sec69,P,F,1,Present,ClassSectionAttendance,0
att1825,st171,2020,sch4,8/15/2020,No,1,sec55,P,C,1,Present,ClassSectionAttendance,0
att1826,st171,2020,sch4,8/15/2020,No,1,sec56,P,F,1,Present,ClassSectionAttendance,0
att1827,st171,2020,sch4,8/15/2020,No,1,sec57,P,F,1,Present,ClassSectionAttendance,0
att1828,st171,2020,sch4,8/15/2020,No,1,sec58,P,D,1,Present,ClassSectionAttendance,0
att1829,st171,2020,sch4,8/15/2020,No,1,sec59,P,F,1,Present,ClassSectionAttendance,0
att1830,st171,2020,sch4,8/15/2020,No,1,sec60,P,F,1,Present,ClassSectionAttendance,0
att1831,st171,2020,sch4,8/15/2020,No,1,sec64,P,D,1,Present,ClassSectionAttendance,0
att1832,st171,2020,sch4,8/15/2020,No,1,sec65,P,F,1,Present,ClassSectionAttendance,0
att1833,st171,2020,sch4,8/15/2020,No,1,sec66,P,F,1,Present,ClassSectionAttendance,0
att1834,st171,2020,sch4,8/15/2020,No,1,sec67,P,C,1,Present,ClassSectionAttendance,0
att1835,st171,2020,sch4,8/15/2020,No,1,sec68,P,F,1,Present,ClassSectionAttendance,0
att1836,st171,2020,sch4,8/15/2020,No,1,sec69,P,F,1,Present,ClassSectionAttendance,0
att1837,st172,2020,sch4,8/15/2020,No,1,sec55,P,A,1,Present,ClassSectionAttendance,0
att1838,st172,2020,sch4,8/15/2020,No,1,sec56,P,F,1,Present,ClassSectionAttendance,0
att1839,st172,2020,sch4,8/15/2020,No,1,sec57,P,F,1,Present,ClassSectionAttendance,0
att1840,st172,2020,sch4,8/15/2020,No,1,sec58,P,A,1,Present,ClassSectionAttendance,0
att1841,st172,2020,sch4,8/15/2020,No,1,sec59,P,F,1,Present,ClassSectionAttendance,0
att1842,st172,2020,sch4,8/15/2020,No,1,sec60,P,F,1,Present,ClassSectionAttendance,0
att1843,st172,2020,sch4,8/15/2020,No,1,sec64,P,B,1,Present,ClassSectionAttendance,0
att1844,st172,2020,sch4,8/15/2020,No,1,sec65,P,F,1,Present,ClassSectionAttendance,0
att1845,st172,2020,sch4,8/15/2020,No,1,sec66,P,F,1,Present,ClassSectionAttendance,0
att1846,st172,2020,sch4,8/15/2020,No,1,sec67,P,C,1,Present,ClassSectionAttendance,0
att1847,st172,2020,sch4,8/15/2020,No,1,sec68,P,F,1,Present,ClassSectionAttendance,0
att1848,st172,2020,sch4,8/15/2020,No,1,sec69,P,F,1,Present,ClassSectionAttendance,0
att1849,st173,2020,sch4,8/15/2020,No,1,sec55,P,F,1,Present,ClassSectionAttendance,0
att1850,st173,2020,sch4,8/15/2020,No,1,sec56,P,F,1,Present,ClassSectionAttendance,0
att1851,st173,2020,sch4,8/15/2020,No,1,sec57,P,F,1,Present,ClassSectionAttendance,0
att1852,st173,2020,sch4,8/15/2020,No,1,sec58,P,C,1,Present,ClassSectionAttendance,0
att1853,st173,2020,sch4,8/15/2020,No,1,sec59,P,F,1,Present,ClassSectionAttendance,0
att1854,st173,2020,sch4,8/15/2020,No,1,sec60,P,F,1,Present,ClassSectionAttendance,0
att1855,st173,2020,sch4,8/15/2020,No,1,sec64,P,C,1,Present,ClassSectionAttendance,0
att1856,st173,2020,sch4,8/15/2020,No,1,sec65,P,F,1,Present,ClassSectionAttendance,0
att1857,st173,2020,sch4,8/15/2020,No,1,sec66,P,F,1,Present,ClassSectionAttendance,0
att1858,st173,2020,sch4,8/15/2020,No,1,sec67,P,A,1,Present,ClassSectionAttendance,0
att1859,st173,2020,sch4,8/15/2020,No,1,sec68,P,F,1,Present,ClassSectionAttendance,0
att1860,st173,2020,sch4,8/15/2020,No,1,sec69,P,F,1,Present,ClassSectionAttendance,0
att1861,st174,2020,sch4,8/15/2020,No,1,sec55,P,F,1,Present,ClassSectionAttendance,0
att1862,st174,2020,sch4,8/15/2020,No,1,sec56,P,F,1,Present,ClassSectionAttendance,0
att1863,st174,2020,sch4,8/15/2020,No,1,sec57,P,F,1,Present,ClassSectionAttendance,0
att1864,st174,2020,sch4,8/15/2020,No,1,sec58,P,D,1,Present,ClassSectionAttendance,0
att1865,st174,2020,sch4,8/15/2020,No,1,sec59,P,F,1,Present,ClassSectionAttendance,0
att1866,st174,2020,sch4,8/15/2020,No,1,sec60,P,F,1,Present,ClassSectionAttendance,0
att1867,st174,2020,sch4,8/15/2020,No,1,sec64,P,A,1,Present,ClassSectionAttendance,0
att1868,st174,2020,sch4,8/15/2020,No,1,sec65,P,F,1,Present,ClassSectionAttendance,0
att1869,st174,2020,sch4,8/15/2020,No,1,sec66,P,F,1,Present,ClassSectionAttendance,0
att1870,st174,2020,sch4,8/15/2020,No,1,sec67,P,A,1,Present,ClassSectionAttendance,0
att1871,st174,2020,sch4,8/15/2020,No,1,sec68,P,F,1,Present,ClassSectionAttendance,0
att1872,st174,2020,sch4,8/15/2020,No,1,sec69,P,F,1,Present,ClassSectionAttendance,0
att1873,st175,2020,sch4,8/15/2020,No,1,sec55,P,D,1,Present,ClassSectionAttendance,0
att1874,st175,2020,sch4,8/15/2020,No,1,sec56,P,F,1,Present,ClassSectionAttendance,0
att1875,st175,2020,sch4,8/15/2020,No,1,sec57,P,F,1,Present,ClassSectionAttendance,0
att1876,st175,2020,sch4,8/15/2020,No,1,sec58,P,A,1,Present,ClassSectionAttendance,0
att1877,st175,2020,sch4,8/15/2020,No,1,sec59,P,F,1,Present,ClassSectionAttendance,0
att1878,st175,2020,sch4,8/15/2020,No,1,sec60,P,F,1,Present,ClassSectionAttendance,0
att1879,st175,2020,sch4,8/15/2020,No,1,sec64,P,A,1,Present,ClassSectionAttendance,0
att1880,st175,2020,sch4,8/15/2020,No,1,sec65,A,F,1,Absent,ClassSectionAttendance,0
att1881,st175,2020,sch4,8/15/2020,No,1,sec66,A,F,1,Absent,ClassSectionAttendance,0
att1882,st175,2020,sch4,8/15/2020,No,1,sec67,P,B,1,Present,ClassSectionAttendance,0
att1883,st175,2020,sch4,8/15/2020,No,1,sec68,A,F,1,Absent,ClassSectionAttendance,0
att1884,st175,2020,sch4,8/15/2020,No,1,sec69,A,F,1,Absent,ClassSectionAttendance,0
att1885,st176,2020,sch4,8/15/2020,No,1,sec61,P,D,1,Present,ClassSectionAttendance,0
att1886,st176,2020,sch4,8/15/2020,No,1,sec62,A,F,1,Absent,ClassSectionAttendance,0
att1887,st176,2020,sch4,8/15/2020,No,1,sec63,A,F,1,Absent,ClassSectionAttendance,0
att1888,st176,2020,sch4,8/15/2020,No,1,sec70,P,A,1,Present,ClassSectionAttendance,0
att1889,st176,2020,sch4,8/15/2020,No,1,sec71,A,F,1,Absent,ClassSectionAttendance,0
att1890,st176,2020,sch4,8/15/2020,No,1,sec72,A,F,1,Absent,ClassSectionAttendance,0
att1891,st177,2020,sch4,8/15/2020,No,1,sec61,P,A,1,Present,ClassSectionAttendance,0
att1892,st177,2020,sch4,8/15/2020,No,1,sec62,A,F,1,Absent,ClassSectionAttendance,0
att1893,st177,2020,sch4,8/15/2020,No,1,sec63,A,F,1,Absent,ClassSectionAttendance,0
att1894,st177,2020,sch4,8/15/2020,No,1,sec70,P,D,1,Present,ClassSectionAttendance,0
att1895,st177,2020,sch4,8/15/2020,No,1,sec71,A,F,1,Absent,ClassSectionAttendance,0
att1896,st177,2020,sch4,8/15/2020,No,1,sec72,A,F,1,Absent,ClassSectionAttendance,0
att1897,st178,2020,sch4,8/15/2020,No,1,sec61,P,A,1,Present,ClassSectionAttendance,0
att1898,st178,2020,sch4,8/15/2020,No,1,sec62,A,F,1,Absent,ClassSectionAttendance,0
att1899,st178,2020,sch4,8/15/2020,No,1,sec63,A,F,1,Absent,ClassSectionAttendance,0
att1900,st178,2020,sch4,8/15/2020,No,1,sec70,P,A,1,Present,ClassSectionAttendance,0
att1901,st178,2020,sch4,8/15/2020,No,1,sec71,A,F,1,Absent,ClassSectionAttendance,0
att1902,st178,2020,sch4,8/15/2020,No,1,sec72,A,F,1,Absent,ClassSectionAttendance,0
att1903,st179,2020,sch4,8/15/2020,No,1,sec61,P,B,1,Present,ClassSectionAttendance,0
att1904,st179,2020,sch4,8/15/2020,No,1,sec62,A,F,1,Absent,ClassSectionAttendance,0
att1905,st179,2020,sch4,8/15/2020,No,1,sec63,A,F,1,Absent,ClassSectionAttendance,0
att1906,st179,2020,sch4,8/15/2020,No,1,sec70,P,C,1,Present,ClassSectionAttendance,0
att1907,st179,2020,sch4,8/15/2020,No,1,sec71,A,F,1,Absent,ClassSectionAttendance,0
att1908,st179,2020,sch4,8/15/2020,No,1,sec72,P,F,1,Present,ClassSectionAttendance,0
att1909,st180,2020,sch4,8/15/2020,No,1,sec61,P,C,1,Present,ClassSectionAttendance,0
att1910,st180,2020,sch4,8/15/2020,No,1,sec62,P,F,1,Present,ClassSectionAttendance,0
att1911,st180,2020,sch4,8/15/2020,No,1,sec63,A,F,1,Absent,ClassSectionAttendance,0
att1912,st180,2020,sch4,8/15/2020,No,1,sec70,P,C,1,Present,ClassSectionAttendance,0
att1913,st180,2020,sch4,8/15/2020,No,1,sec71,A,F,1,Absent,ClassSectionAttendance,0
att1914,st180,2020,sch4,8/15/2020,No,1,sec72,P,F,1,Present,ClassSectionAttendance,0
att1915,st181,2020,sch5,8/15/2020,No,1,sec73,P,A,1,Present,ClassSectionAttendance,0
att1916,st181,2020,sch5,8/15/2020,No,1,sec74,P,F,1,Present,ClassSectionAttendance,0
att1917,st181,2020,sch5,8/15/2020,No,1,sec75,A,F,1,Absent,ClassSectionAttendance,0
att1918,st181,2020,sch5,8/15/2020,No,1,sec76,P,A,1,Present,ClassSectionAttendance,0
att1919,st181,2020,sch5,8/15/2020,No,1,sec77,P,F,1,Present,ClassSectionAttendance,0
att1920,st181,2020,sch5,8/15/2020,No,1,sec78,A,F,1,Absent,ClassSectionAttendance,0
att1921,st181,2020,sch5,8/15/2020,No,1,sec82,P,F,1,Present,ClassSectionAttendance,0
att1922,st181,2020,sch5,8/15/2020,No,1,sec83,A,F,1,Absent,ClassSectionAttendance,0
att1923,st181,2020,sch5,8/15/2020,No,1,sec84,P,F,1,Present,ClassSectionAttendance,0
att1924,st181,2020,sch5,8/15/2020,No,1,sec85,P,B,1,Present,ClassSectionAttendance,0
att1925,st181,2020,sch5,8/15/2020,No,1,sec86,A,F,1,Absent,ClassSectionAttendance,0
att1926,st181,2020,sch5,8/15/2020,No,1,sec87,P,F,1,Present,ClassSectionAttendance,0
att1927,st182,2020,sch5,8/15/2020,No,1,sec73,P,A,1,Present,ClassSectionAttendance,0
att1928,st182,2020,sch5,8/15/2020,No,1,sec74,P,F,1,Present,ClassSectionAttendance,0
att1929,st182,2020,sch5,8/15/2020,No,1,sec75,P,F,1,Present,ClassSectionAttendance,0
att1930,st182,2020,sch5,8/15/2020,No,1,sec76,P,D,1,Present,ClassSectionAttendance,0
att1931,st182,2020,sch5,8/15/2020,No,1,sec77,P,F,1,Present,ClassSectionAttendance,0
att1932,st182,2020,sch5,8/15/2020,No,1,sec78,A,F,1,Absent,ClassSectionAttendance,0
att1933,st182,2020,sch5,8/15/2020,No,1,sec82,P,A,1,Present,ClassSectionAttendance,0
att1934,st182,2020,sch5,8/15/2020,No,1,sec83,A,F,1,Absent,ClassSectionAttendance,0
att1935,st182,2020,sch5,8/15/2020,No,1,sec84,A,F,1,Absent,ClassSectionAttendance,0
att1936,st182,2020,sch5,8/15/2020,No,1,sec85,P,A,1,Present,ClassSectionAttendance,0
att1937,st182,2020,sch5,8/15/2020,No,1,sec86,A,F,1,Absent,ClassSectionAttendance,0
att1938,st182,2020,sch5,8/15/2020,No,1,sec87,A,F,1,Absent,ClassSectionAttendance,0
att1939,st183,2020,sch5,8/15/2020,No,1,sec73,P,B,1,Present,ClassSectionAttendance,0
att1940,st183,2020,sch5,8/15/2020,No,1,sec74,A,F,1,Absent,ClassSectionAttendance,0
att1941,st183,2020,sch5,8/15/2020,No,1,sec75,A,F,1,Absent,ClassSectionAttendance,0
att1942,st183,2020,sch5,8/15/2020,No,1,sec76,P,C,1,Present,ClassSectionAttendance,0
att1943,st183,2020,sch5,8/15/2020,No,1,sec77,A,F,1,Absent,ClassSectionAttendance,0
att1944,st183,2020,sch5,8/15/2020,No,1,sec78,A,F,1,Absent,ClassSectionAttendance,0
att1945,st183,2020,sch5,8/15/2020,No,1,sec82,P,C,1,Present,ClassSectionAttendance,0
att1946,st183,2020,sch5,8/15/2020,No,1,sec83,A,F,1,Absent,ClassSectionAttendance,0
att1947,st183,2020,sch5,8/15/2020,No,1,sec84,A,F,1,Absent,ClassSectionAttendance,0
att1948,st183,2020,sch5,8/15/2020,No,1,sec85,P,A,1,Present,ClassSectionAttendance,0
att1949,st183,2020,sch5,8/15/2020,No,1,sec86,A,F,1,Absent,ClassSectionAttendance,0
att1950,st183,2020,sch5,8/15/2020,No,1,sec87,A,F,1,Absent,ClassSectionAttendance,0
att1951,st184,2020,sch5,8/15/2020,No,1,sec73,A,F,1,Absent,ClassSectionAttendance,0
att1952,st184,2020,sch5,8/15/2020,No,1,sec74,P,A,1,Present,ClassSectionAttendance,0
att1953,st184,2020,sch5,8/15/2020,No,1,sec75,A,F,1,Absent,ClassSectionAttendance,0
att1954,st184,2020,sch5,8/15/2020,No,1,sec76,A,F,1,Absent,ClassSectionAttendance,0
att1955,st184,2020,sch5,8/15/2020,No,1,sec77,P,A,1,Present,ClassSectionAttendance,0
att1956,st184,2020,sch5,8/15/2020,No,1,sec78,A,F,1,Absent,ClassSectionAttendance,0
att1957,st184,2020,sch5,8/15/2020,No,1,sec82,A,F,1,Absent,ClassSectionAttendance,0
att1958,st184,2020,sch5,8/15/2020,No,1,sec83,P,B,1,Present,ClassSectionAttendance,0
att1959,st184,2020,sch5,8/15/2020,No,1,sec84,A,F,1,Absent,ClassSectionAttendance,0
att1960,st184,2020,sch5,8/15/2020,No,1,sec85,A,F,1,Absent,ClassSectionAttendance,0
att1961,st184,2020,sch5,8/15/2020,No,1,sec86,P,B,1,Present,ClassSectionAttendance,0
att1962,st184,2020,sch5,8/15/2020,No,1,sec87,A,F,1,Absent,ClassSectionAttendance,0
att1963,st185,2020,sch5,8/15/2020,No,1,sec73,A,F,1,Absent,ClassSectionAttendance,0
att1964,st185,2020,sch5,8/15/2020,No,1,sec74,P,C,1,Present,ClassSectionAttendance,0
att1965,st185,2020,sch5,8/15/2020,No,1,sec75,A,F,1,Absent,ClassSectionAttendance,0
att1966,st185,2020,sch5,8/15/2020,No,1,sec76,A,F,1,Absent,ClassSectionAttendance,0
att1967,st185,2020,sch5,8/15/2020,No,1,sec77,P,D,1,Present,ClassSectionAttendance,0
att1968,st185,2020,sch5,8/15/2020,No,1,sec78,A,F,1,Absent,ClassSectionAttendance,0
att1969,st185,2020,sch5,8/15/2020,No,1,sec82,A,F,1,Absent,ClassSectionAttendance,0
att1970,st185,2020,sch5,8/15/2020,No,1,sec83,P,D,1,Present,ClassSectionAttendance,0
att1971,st185,2020,sch5,8/15/2020,No,1,sec84,A,F,1,Absent,ClassSectionAttendance,0
att1972,st185,2020,sch5,8/15/2020,No,1,sec85,A,F,1,Absent,ClassSectionAttendance,0
att1973,st185,2020,sch5,8/15/2020,No,1,sec86,P,A,1,Present,ClassSectionAttendance,0
att1974,st185,2020,sch5,8/15/2020,No,1,sec87,A,F,1,Absent,ClassSectionAttendance,0
att1975,st186,2020,sch5,8/15/2020,No,1,sec73,A,F,1,Absent,ClassSectionAttendance,0
att1976,st186,2020,sch5,8/15/2020,No,1,sec74,P,A,1,Present,ClassSectionAttendance,0
att1977,st186,2020,sch5,8/15/2020,No,1,sec75,P,F,1,Present,ClassSectionAttendance,0
att1978,st186,2020,sch5,8/15/2020,No,1,sec76,A,F,1,Absent,ClassSectionAttendance,0
att1979,st186,2020,sch5,8/15/2020,No,1,sec77,A,F,1,Absent,ClassSectionAttendance,0
att1980,st186,2020,sch5,8/15/2020,No,1,sec78,A,F,1,Absent,ClassSectionAttendance,0
att1981,st186,2020,sch5,8/15/2020,No,1,sec82,A,F,1,Absent,ClassSectionAttendance,0
att1982,st186,2020,sch5,8/15/2020,No,1,sec83,P,A,1,Present,ClassSectionAttendance,0
att1983,st186,2020,sch5,8/15/2020,No,1,sec84,A,F,1,Absent,ClassSectionAttendance,0
att1984,st186,2020,sch5,8/15/2020,No,1,sec85,A,F,1,Absent,ClassSectionAttendance,0
att1985,st186,2020,sch5,8/15/2020,No,1,sec86,P,A,1,Present,ClassSectionAttendance,0
att1986,st186,2020,sch5,8/15/2020,No,1,sec87,A,F,1,Absent,ClassSectionAttendance,0
att1987,st187,2020,sch5,8/15/2020,No,1,sec73,A,F,1,Absent,ClassSectionAttendance,0
att1988,st187,2020,sch5,8/15/2020,No,1,sec74,P,A,1,Present,ClassSectionAttendance,0
att1989,st187,2020,sch5,8/15/2020,No,1,sec75,A,F,1,Absent,ClassSectionAttendance,0
att1990,st187,2020,sch5,8/15/2020,No,1,sec76,A,F,1,Absent,ClassSectionAttendance,0
att1991,st187,2020,sch5,8/15/2020,No,1,sec77,P,A,1,Present,ClassSectionAttendance,0
att1992,st187,2020,sch5,8/15/2020,No,1,sec78,A,F,1,Absent,ClassSectionAttendance,0
att1993,st187,2020,sch5,8/15/2020,No,1,sec82,A,F,1,Absent,ClassSectionAttendance,0
att1994,st187,2020,sch5,8/15/2020,No,1,sec83,P,C,1,Present,ClassSectionAttendance,0
att1995,st187,2020,sch5,8/15/2020,No,1,sec84,A,F,1,Absent,ClassSectionAttendance,0
att1996,st187,2020,sch5,8/15/2020,No,1,sec85,A,F,1,Absent,ClassSectionAttendance,0
att1997,st187,2020,sch5,8/15/2020,No,1,sec86,P,D,1,Present,ClassSectionAttendance,0
att1998,st187,2020,sch5,8/15/2020,No,1,sec87,A,F,1,Absent,ClassSectionAttendance,0
att1999,st188,2020,sch5,8/15/2020,No,1,sec73,A,F,1,Absent,ClassSectionAttendance,0
att2000,st188,2020,sch5,8/15/2020,No,1,sec74,P,A,1,Present,ClassSectionAttendance,0
att2001,st188,2020,sch5,8/15/2020,No,1,sec75,A,F,1,Absent,ClassSectionAttendance,0
att2002,st188,2020,sch5,8/15/2020,No,1,sec76,A,F,1,Absent,ClassSectionAttendance,0
att2003,st188,2020,sch5,8/15/2020,No,1,sec77,A,F,1,Absent,ClassSectionAttendance,0
att2004,st188,2020,sch5,8/15/2020,No,1,sec78,A,F,1,Absent,ClassSectionAttendance,0
att2005,st188,2020,sch5,8/15/2020,No,1,sec82,A,F,1,Absent,ClassSectionAttendance,0
att2006,st188,2020,sch5,8/15/2020,No,1,sec83,P,D,1,Present,ClassSectionAttendance,0
att2007,st188,2020,sch5,8/15/2020,No,1,sec84,A,F,1,Absent,ClassSectionAttendance,0
att2008,st188,2020,sch5,8/15/2020,No,1,sec85,A,F,1,Absent,ClassSectionAttendance,0
att2009,st188,2020,sch5,8/15/2020,No,1,sec86,P,A,1,Present,ClassSectionAttendance,0
att2010,st188,2020,sch5,8/15/2020,No,1,sec87,A,F,1,Absent,ClassSectionAttendance,0
att2011,st189,2020,sch5,8/15/2020,No,1,sec73,A,F,1,Absent,ClassSectionAttendance,0
att2012,st189,2020,sch5,8/15/2020,No,1,sec74,P,B,1,Present,ClassSectionAttendance,0
att2013,st189,2020,sch5,8/15/2020,No,1,sec75,A,F,1,Absent,ClassSectionAttendance,0
att2014,st189,2020,sch5,8/15/2020,No,1,sec76,A,F,1,Absent,ClassSectionAttendance,0
att2015,st189,2020,sch5,8/15/2020,No,1,sec77,P,C,1,Present,ClassSectionAttendance,0
att2016,st189,2020,sch5,8/15/2020,No,1,sec78,A,F,1,Absent,ClassSectionAttendance,0
att2017,st189,2020,sch5,8/15/2020,No,1,sec82,A,F,1,Absent,ClassSectionAttendance,0
att2018,st189,2020,sch5,8/15/2020,No,1,sec83,P,A,1,Present,ClassSectionAttendance,0
att2019,st189,2020,sch5,8/15/2020,No,1,sec84,A,F,1,Absent,ClassSectionAttendance,0
att2020,st189,2020,sch5,8/15/2020,No,1,sec85,A,F,1,Absent,ClassSectionAttendance,0
att2021,st189,2020,sch5,8/15/2020,No,1,sec86,P,A,1,Present,ClassSectionAttendance,0
att2022,st189,2020,sch5,8/15/2020,No,1,sec87,A,F,1,Absent,ClassSectionAttendance,0
att2023,st190,2020,sch5,8/15/2020,No,1,sec73,A,F,1,Absent,ClassSectionAttendance,0
att2024,st190,2020,sch5,8/15/2020,No,1,sec74,P,B,1,Present,ClassSectionAttendance,0
att2025,st190,2020,sch5,8/15/2020,No,1,sec75,A,F,1,Absent,ClassSectionAttendance,0
att2026,st190,2020,sch5,8/15/2020,No,1,sec76,A,F,1,Absent,ClassSectionAttendance,0
att2027,st190,2020,sch5,8/15/2020,No,1,sec77,P,D,1,Present,ClassSectionAttendance,0
att2028,st190,2020,sch5,8/15/2020,No,1,sec78,A,F,1,Absent,ClassSectionAttendance,0
att2029,st190,2020,sch5,8/15/2020,No,1,sec82,A,F,1,Absent,ClassSectionAttendance,0
att2030,st190,2020,sch5,8/15/2020,No,1,sec83,P,D,1,Present,ClassSectionAttendance,0
att2031,st190,2020,sch5,8/15/2020,No,1,sec84,A,F,1,Absent,ClassSectionAttendance,0
att2032,st190,2020,sch5,8/15/2020,No,1,sec85,A,F,1,Absent,ClassSectionAttendance,0
att2033,st190,2020,sch5,8/15/2020,No,1,sec86,P,A,1,Present,ClassSectionAttendance,0
att2034,st190,2020,sch5,8/15/2020,No,1,sec87,A,F,1,Absent,ClassSectionAttendance,0
att2035,st191,2020,sch5,8/15/2020,No,1,sec73,A,F,1,Absent,ClassSectionAttendance,0
att2036,st191,2020,sch5,8/15/2020,No,1,sec74,A,F,1,Absent,ClassSectionAttendance,0
att2037,st191,2020,sch5,8/15/2020,No,1,sec75,A,F,1,Absent,ClassSectionAttendance,0
att2038,st191,2020,sch5,8/15/2020,No,1,sec76,A,F,1,Absent,ClassSectionAttendance,0
att2039,st191,2020,sch5,8/15/2020,No,1,sec77,P,A,1,Present,ClassSectionAttendance,0
att2040,st191,2020,sch5,8/15/2020,No,1,sec78,A,F,1,Absent,ClassSectionAttendance,0
att2041,st191,2020,sch5,8/15/2020,No,1,sec82,A,F,1,Absent,ClassSectionAttendance,0
att2042,st191,2020,sch5,8/15/2020,No,1,sec83,P,C,1,Present,ClassSectionAttendance,0
att2043,st191,2020,sch5,8/15/2020,No,1,sec84,A,F,1,Absent,ClassSectionAttendance,0
att2044,st191,2020,sch5,8/15/2020,No,1,sec85,A,F,1,Absent,ClassSectionAttendance,0
att2045,st191,2020,sch5,8/15/2020,No,1,sec86,A,F,1,Absent,ClassSectionAttendance,0
att2046,st191,2020,sch5,8/15/2020,No,1,sec87,A,F,1,Absent,ClassSectionAttendance,0
att2047,st192,2020,sch5,8/15/2020,No,1,sec73,A,F,1,Absent,ClassSectionAttendance,0
att2048,st192,2020,sch5,8/15/2020,No,1,sec74,P,A,1,Present,ClassSectionAttendance,0
att2049,st192,2020,sch5,8/15/2020,No,1,sec75,A,F,1,Absent,ClassSectionAttendance,0
att2050,st192,2020,sch5,8/15/2020,No,1,sec76,A,F,1,Absent,ClassSectionAttendance,0
att2051,st192,2020,sch5,8/15/2020,No,1,sec77,P,C,1,Present,ClassSectionAttendance,0
att2052,st192,2020,sch5,8/15/2020,No,1,sec78,A,F,1,Absent,ClassSectionAttendance,0
att2053,st192,2020,sch5,8/15/2020,No,1,sec82,A,F,1,Absent,ClassSectionAttendance,0
att2054,st192,2020,sch5,8/15/2020,No,1,sec83,P,D,1,Present,ClassSectionAttendance,0
att2055,st192,2020,sch5,8/15/2020,No,1,sec84,A,F,1,Absent,ClassSectionAttendance,0
att2056,st192,2020,sch5,8/15/2020,No,1,sec85,A,F,1,Absent,ClassSectionAttendance,0
att2057,st192,2020,sch5,8/15/2020,No,1,sec86,A,F,1,Absent,ClassSectionAttendance,0
att2058,st192,2020,sch5,8/15/2020,No,1,sec87,A,F,1,Absent,ClassSectionAttendance,0
att2059,st193,2020,sch5,8/15/2020,No,1,sec73,A,F,1,Absent,ClassSectionAttendance,0
att2060,st193,2020,sch5,8/15/2020,No,1,sec74,P,B,1,Present,ClassSectionAttendance,0
att2061,st193,2020,sch5,8/15/2020,No,1,sec75,A,F,1,Absent,ClassSectionAttendance,0
att2062,st193,2020,sch5,8/15/2020,No,1,sec76,A,F,1,Absent,ClassSectionAttendance,0
att2063,st193,2020,sch5,8/15/2020,No,1,sec77,P,C,1,Present,ClassSectionAttendance,0
att2064,st193,2020,sch5,8/15/2020,No,1,sec78,A,F,1,Absent,ClassSectionAttendance,0
att2065,st193,2020,sch5,8/15/2020,No,1,sec82,A,F,1,Absent,ClassSectionAttendance,0
att2066,st193,2020,sch5,8/15/2020,No,1,sec83,P,A,1,Present,ClassSectionAttendance,0
att2067,st193,2020,sch5,8/15/2020,No,1,sec84,A,F,1,Absent,ClassSectionAttendance,0
att2068,st193,2020,sch5,8/15/2020,No,1,sec85,A,F,1,Absent,ClassSectionAttendance,0
att2069,st193,2020,sch5,8/15/2020,No,1,sec86,P,A,1,Present,ClassSectionAttendance,0
att2070,st193,2020,sch5,8/15/2020,No,1,sec87,A,F,1,Absent,ClassSectionAttendance,0
att2071,st194,2020,sch5,8/15/2020,No,1,sec73,A,F,1,Absent,ClassSectionAttendance,0
att2072,st194,2020,sch5,8/15/2020,No,1,sec74,P,A,1,Present,ClassSectionAttendance,0
att2073,st194,2020,sch5,8/15/2020,No,1,sec75,A,F,1,Absent,ClassSectionAttendance,0
att2074,st194,2020,sch5,8/15/2020,No,1,sec76,A,F,1,Absent,ClassSectionAttendance,0
att2075,st194,2020,sch5,8/15/2020,No,1,sec77,P,B,1,Present,ClassSectionAttendance,0
att2076,st194,2020,sch5,8/15/2020,No,1,sec78,A,F,1,Absent,ClassSectionAttendance,0
att2077,st194,2020,sch5,8/15/2020,No,1,sec82,A,F,1,Absent,ClassSectionAttendance,0
att2078,st194,2020,sch5,8/15/2020,No,1,sec83,P,A,1,Present,ClassSectionAttendance,0
att2079,st194,2020,sch5,8/15/2020,No,1,sec84,A,F,1,Absent,ClassSectionAttendance,0
att2080,st194,2020,sch5,8/15/2020,No,1,sec85,A,F,1,Absent,ClassSectionAttendance,0
att2081,st194,2020,sch5,8/15/2020,No,1,sec86,P,D,1,Present,ClassSectionAttendance,0
att2082,st194,2020,sch5,8/15/2020,No,1,sec87,A,F,1,Absent,ClassSectionAttendance,0
att2083,st195,2020,sch5,8/15/2020,No,1,sec73,A,F,1,Absent,ClassSectionAttendance,0
att2084,st195,2020,sch5,8/15/2020,No,1,sec74,P,A,1,Present,ClassSectionAttendance,0
att2085,st195,2020,sch5,8/15/2020,No,1,sec75,A,F,1,Absent,ClassSectionAttendance,0
att2086,st195,2020,sch5,8/15/2020,No,1,sec76,A,F,1,Absent,ClassSectionAttendance,0
att2087,st195,2020,sch5,8/15/2020,No,1,sec77,A,F,1,Absent,ClassSectionAttendance,0
att2088,st195,2020,sch5,8/15/2020,No,1,sec78,A,F,1,Absent,ClassSectionAttendance,0
att2089,st195,2020,sch5,8/15/2020,No,1,sec82,A,F,1,Absent,ClassSectionAttendance,0
att2090,st195,2020,sch5,8/15/2020,No,1,sec83,P,A,1,Present,ClassSectionAttendance,0
att2091,st195,2020,sch5,8/15/2020,No,1,sec84,A,F,1,Absent,ClassSectionAttendance,0
att2092,st195,2020,sch5,8/15/2020,No,1,sec85,A,F,1,Absent,ClassSectionAttendance,0
att2093,st195,2020,sch5,8/15/2020,No,1,sec86,P,A,1,Present,ClassSectionAttendance,0
att2094,st195,2020,sch5,8/15/2020,No,1,sec87,A,F,1,Absent,ClassSectionAttendance,0
att2095,st196,2020,sch5,8/15/2020,No,1,sec79,A,F,1,Absent,ClassSectionAttendance,0
att2096,st196,2020,sch5,8/15/2020,No,1,sec80,P,D,1,Present,ClassSectionAttendance,0
att2097,st196,2020,sch5,8/15/2020,No,1,sec81,A,F,1,Absent,ClassSectionAttendance,0
att2098,st196,2020,sch5,8/15/2020,No,1,sec88,A,F,1,Absent,ClassSectionAttendance,0
att2099,st196,2020,sch5,8/15/2020,No,1,sec89,P,A,1,Present,ClassSectionAttendance,0
att2100,st196,2020,sch5,8/15/2020,No,1,sec90,A,F,1,Absent,ClassSectionAttendance,0
att2101,st197,2020,sch5,8/15/2020,No,1,sec79,A,F,1,Absent,ClassSectionAttendance,0
att2102,st197,2020,sch5,8/15/2020,No,1,sec80,P,A,1,Present,ClassSectionAttendance,0
att2103,st197,2020,sch5,8/15/2020,No,1,sec81,A,F,1,Absent,ClassSectionAttendance,0
att2104,st197,2020,sch5,8/15/2020,No,1,sec88,A,F,1,Absent,ClassSectionAttendance,0
att2105,st197,2020,sch5,8/15/2020,No,1,sec89,P,D,1,Present,ClassSectionAttendance,0
att2106,st197,2020,sch5,8/15/2020,No,1,sec90,A,F,1,Absent,ClassSectionAttendance,0
att2107,st198,2020,sch5,8/15/2020,No,1,sec79,A,F,1,Absent,ClassSectionAttendance,0
att2108,st198,2020,sch5,8/15/2020,No,1,sec80,P,D,1,Present,ClassSectionAttendance,0
att2109,st198,2020,sch5,8/15/2020,No,1,sec81,A,F,1,Absent,ClassSectionAttendance,0
att2110,st198,2020,sch5,8/15/2020,No,1,sec88,A,F,1,Absent,ClassSectionAttendance,0
att2111,st198,2020,sch5,8/15/2020,No,1,sec89,P,A,1,Present,ClassSectionAttendance,0
att2112,st198,2020,sch5,8/15/2020,No,1,sec90,A,F,1,Absent,ClassSectionAttendance,0
att2113,st199,2020,sch5,8/15/2020,No,1,sec79,A,F,1,Absent,ClassSectionAttendance,0
att2114,st199,2020,sch5,8/15/2020,No,1,sec80,P,B,1,Present,ClassSectionAttendance,0
att2115,st199,2020,sch5,8/15/2020,No,1,sec81,A,F,1,Absent,ClassSectionAttendance,0
att2116,st199,2020,sch5,8/15/2020,No,1,sec88,A,F,1,Absent,ClassSectionAttendance,0
att2117,st199,2020,sch5,8/15/2020,No,1,sec89,P,A,1,Present,ClassSectionAttendance,0
att2118,st199,2020,sch5,8/15/2020,No,1,sec90,A,F,1,Absent,ClassSectionAttendance,0
att2119,st200,2020,sch5,8/15/2020,No,1,sec79,A,F,1,Absent,ClassSectionAttendance,0
att2120,st200,2020,sch5,8/15/2020,No,1,sec80,P,C,1,Present,ClassSectionAttendance,0
att2121,st200,2020,sch5,8/15/2020,No,1,sec81,A,F,1,Absent,ClassSectionAttendance,0
att2122,st200,2020,sch5,8/15/2020,No,1,sec88,A,F,1,Absent,ClassSectionAttendance,0
att2123,st200,2020,sch5,8/15/2020,No,1,sec89,P,A,1,Present,ClassSectionAttendance,0
